length,q_max,v_f,w,rho_jam,rho_crit,on_ramp,off_ramp,on_ramp_capacity,off_ramp_capacity,lanes
0.740207,5885.987528,61.24346285,3.111677631,1987.6881272,96.10801308,True,True,3408.0,1200.0,4
0.20031,5784.110871,58.12567964,12.82210427,550.6150722,99.51042131999999,False,False,,,3
0.558866,7712.147828,58.12567964,12.82210427,734.1534296,132.68056176,True,True,744.0,864.0,4
0.317169,6094.15179,60.43160193,11.63665583,624.5468094,100.84379028,False,False,,,3
0.357638,8125.53572,60.43160193,11.63665583,832.7290792,134.45838704,True,True,396.0,900.0,4
0.344877,5243.694906000001,59.78976439,9.644901378,631.3775439000001,87.70221726,False,False,,,3
0.416872,5243.694906000001,59.78976439,9.644901378,631.3775439000001,87.70221726,True,True,972.0,,3
0.353641,5134.314555,57.14519485,9.360079542,638.3800473,89.84682909,False,False,,,3
0.201315,7489.626004,58.93984375,11.5000333,778.3423168,127.07237628,True,True,1044.0,1920.0,4
0.298625,5295.3217,60.58960682,5.972057062,974.0795736,87.39653512,False,True,,600.0,4
0.366247,6230.559753,59.12377874,8.546403193,834.4087485,105.38162286,True,False,432.0,,3
0.478143,6230.559753,59.12377874,8.546403193,834.4087485,105.38162286,True,True,516.0,1032.0,3
0.306007,5587.49886,59.06403767,3.519441237,1682.2103396,94.60069244,False,False,,,4
0.992959,5587.49886,59.06403767,3.519441237,1682.2103396,94.60069244,True,True,732.0,,4
0.70575,6040.1613,63.53238387,10.34611829,678.881584,95.07216532,False,False,,,4
0.290821,7550.201625,63.53238387,10.34611829,848.6019799999999,118.84020665,True,True,1500.0,180.0,5
0.408389,6744.96486,62.93308279,10.11915072,773.7312168,107.17677508,False,False,,,4
0.365516,6899.374145000001,65.87028656,8.031136911,963.8199655,104.7418268,True,True,696.0,1392.0,5
0.366656,5717.716876,64.26780842,4.199768159,1450.4033556,88.967043,False,False,,,4
0.238149,6073.993312,65.02700226,10.73818107,659.0517708,93.40724776,True,False,336.0,,4
0.270978,9110.989968,65.02700226,10.73818107,988.5776562,140.11087164,True,False,396.0,,6
0.231299,9110.989968,65.02700226,10.73818107,988.5776562,140.11087164,True,False,2352.0,,6
0.776249,9110.989968,65.02700226,10.73818107,988.5776562,140.11087164,True,True,,1190.04,6
0.770367,7628.619655,65.31436112,8.457692074,1018.7726580000001,116.79850379999999,False,False,,,5
0.722227,9154.343585999999,65.31436112,8.457692074,1222.5271896,140.15820456,True,False,324.0,,6
0.595292,9154.343585999999,65.31436112,8.457692074,1222.5271896,140.15820456,False,True,,1032.0,6
0.263652,6291.310064,62.18960774,4.526837431,1490.9437944,101.16336624,False,True,,660.0,4
0.41159,6651.91776,45.73444402,3.43816306,2080.1767224,145.44656444,False,False,,,4
0.486129,5782.409136,61.74820185,2.619764715,2300.8695844,93.64498016,True,True,1764.0,1104.0,4
0.340218,5953.445432,61.23341916,4.776021774,1343.7535464,97.22542876,False,False,,,4
0.205702,5986.93872,59.73085617,2.259598416,2749.7906604,100.23192544,True,False,468.0,,4
0.828511,5986.93872,59.73085617,2.259598416,2749.7906604,100.23192544,True,True,432.0,924.0,4
0.388925,5358.70754,61.70347299,0.069978997,76662.78676,86.84612516,False,False,,,4
0.204453,5554.824668,62.05289579,2.419652888,2385.2289528,89.51757364,True,False,912.0,,4
0.971815,5554.824668,62.05289579,2.419652888,2385.2289528,89.51757364,True,True,,864.0,4
0.3486,6160.883148,59.67532279,4.294146305,1537.9566852,103.24004732,False,False,,,4
0.644656,4994.601237000001,58.49677311,6.973723659,801.5854268999999,85.38250866,True,True,876.0,1272.0,3
0.322301,6106.59304,61.18976381,4.98432488,1324.9571368,99.797624,False,False,,,4
0.560415,6521.598488,60.34985718,5.227000649,1355.7382832,108.06319672,True,False,1428.0,,4
0.768856,8151.9981099999995,60.34985718,5.227000649,1694.6728540000001,135.0789959,True,True,,1872.0,5
0.324674,5777.182976,61.88262801,3.17116288,1915.1440004,93.35710464,False,False,,,4
0.214589,6270.015732,59.99770301,5.131368613,1326.403566,104.50426296,True,False,492.0,,4
0.856076,7837.519665,59.99770301,5.131368613,1658.0044575,130.6303287,True,True,780.0,,5
0.346872,5439.919032,60.46794834,1.324760985,4196.303684,89.96367796,False,False,,,4
0.209593,6573.960624,60.13553596,6.60825829,1104.128944,109.31906596,True,False,1272.0,,4
0.61634,6867.2785,63.95842365,4.488471959,1637.3523535000002,107.37097804999999,True,True,204.0,936.0,5
0.35,5493.8228,63.95842365,4.488471959,1309.8818828,85.89678244,False,False,,,4
0.49,6689.786456,59.55642455,5.167326964,1406.95879,112.32686492,True,False,,,4
0.757879,6689.786456,59.55642455,5.167326964,1406.95879,112.32686492,False,True,,,4
0.41039,6689.786456,59.55642455,5.167326964,1406.95879,112.32686492,False,False,,,4
0.263129,8362.23307,59.55642455,5.167326964,1758.6984874999998,140.40858115,True,True,1044.0,,5
0.444823,5701.265855000001,64.94416473,1.956975654,3001.0916279999997,87.78719195000001,False,False,,,5
0.856759,7969.338685000001,32.63435036,1.895258744,4449.0825655,244.2009294,True,False,828.0,,5
0.618133,7969.338685000001,32.63435036,1.895258744,4449.0825655,244.2009294,True,True,876.0,1092.0,5
0.498279,5249.545108,60.56463077,8.331731722,716.7432536,86.67674584,False,False,,,4
0.508086,6561.931385,60.56463077,8.331731722,895.929067,108.34593229999999,True,True,1380.0,1860.0,5
0.528455,5249.545108,60.56463077,8.331731722,716.7432536,86.67674584,False,False,,,4
0.416789,7874.317662,60.56463077,8.331731722,1075.1148804,130.01511876,True,True,3096.0,804.0,6
0.581847,7808.40018,63.09023243,5.249334573,1611.2684534999999,123.76559540000001,False,False,,,5
0.267768,7808.40018,63.09023243,5.249334573,1611.2684534999999,123.76559540000001,True,True,1212.0,876.0,5
0.461322,7977.08079,59.8139423,1.427312102,5722.24822,133.364906,False,False,,,5
0.697278,7977.08079,59.8139423,1.427312102,5722.24822,133.364906,True,False,888.0,,5
0.697278,7977.08079,59.8139423,1.427312102,5722.24822,133.364906,False,True,,,5
0.508768,5826.083672,60.95257124,3.402835767,1807.7099112,95.58388684,False,True,,,4
0.532436,5879.745132,59.19450871,3.57721491,1742.9948444,99.32923276,True,False,1080.0,,4
0.930581,7349.681415,59.19450871,3.57721491,2178.7435554999997,124.16154094999999,True,False,696.0,,5
0.671135,7349.681415,59.19450871,3.57721491,2178.7435554999997,124.16154094999999,False,True,,,5
0.365074,5879.745132,59.19450871,3.57721491,1742.9948444,99.32923276,False,False,,,4
0.269883,7917.021774999999,62.91303515,9.819716003,932.0780685,125.84072210000001,True,True,1092.0,1044.0,5
0.472736,6805.239608,57.56772057,10.8552097,745.1227768,118.2127682,False,False,,,4
0.752489,7508.762144,57.53378528,12.46278993,733.004964,130.51048368,True,True,1188.0,,4
0.263077,6197.236384,60.48396555,9.518306628,753.5468352,102.46081468,False,False,,,4
0.207389,6883.40549,63.76875417,7.798125699,990.643225,107.94323305,True,False,828.0,,5
0.24975,6883.40549,63.76875417,7.798125699,990.643225,107.94323305,True,True,564.0,984.0,5
0.341717,6780.2962,58.84877021,9.934730041,797.6997888,115.21559716,False,False,,,4
0.395437,7718.84723,62.05308361,10.69690231,845.987531,124.39103395000001,True,True,1104.0,,5
0.91866,6680.44596,58.48646814,10.13266332,773.5202072,114.2220786,False,False,,,4
0.553875,8350.55745,58.48646814,10.13266332,966.900259,142.77759825,True,True,1344.0,1020.0,5
0.65877,6632.2644,60.82072058,5.654353323,1281.9944828,109.0461332,False,False,,,4
0.42617,6632.2644,60.82072058,5.654353323,1281.9944828,109.0461332,True,True,1068.0,,4
0.230184,6632.2644,60.82072058,5.654353323,1281.9944828,109.0461332,False,True,,,4
0.494788,6742.656004,58.76528124,3.535040588,2022.1160204,114.73876856,True,False,,,4
0.998823,6742.656004,58.76528124,3.535040588,2022.1160204,114.73876856,True,False,1308.0,,4
0.598643,6742.656004,58.76528124,3.535040588,2022.1160204,114.73876856,False,True,,660.0,4
0.256598,7143.231228,58.5396345,7.835960216,1033.620002,122.023844,False,True,,,4
0.403541,7143.231228,58.5396345,7.835960216,1033.620002,122.023844,False,False,,,4
0.399326,8929.039035,58.5396345,7.835960216,1292.0250025,152.529805,True,True,,,5
0.416935,5357.4234209999995,58.5396345,7.835960216,775.2150015000001,91.517883,False,False,,,3
0.593694,5357.4234209999995,58.5396345,7.835960216,775.2150015000001,91.517883,False,False,,,3
0.259738,7143.231228,58.5396345,7.835960216,1033.620002,122.023844,True,True,,696.0,4
0.816873,3335.6223179999997,64.12737376,14.10054372,288.57541305,52.015576530000004,False,True,,,3
0.845665,2223.748212,64.12737376,14.10054372,192.3836087,34.67705102,False,False,,,2
0.946132,3335.6223179999997,64.12737376,14.10054372,288.57541305,52.015576530000004,True,False,,,3
