0,89.5291320404617,0,0,215.935107348831,51.683076814202,0,0,71.6150023716803,67.5979866815645,0,0,46.8165610418004,0,26.875607644919,0,34.5434141679336,0,0,35.3811192637204,0,0,48.3439492045574,0,0,0,40.4632099150937,0,61.9493754797341,0,0,28.5762679214172,28.3016684688989,0,78.928270823296,0,45.6799175879903,159.027581451588,171.86608459737,0,0
0,99.3549236134712,0,0,282.338174667425,63.5400601957693,0,0,107.58282465902,112.427990562143,0,0,75.9982017128221,0,38.9115180589657,0,43.1331874924007,0,0,39.0151206024583,0,0,46.0340012743319,0,0,0,35.0996669338074,0,55.3965210695972,0,0,26.5385980322332,25.6778307958083,0,76.8345566861646,0,51.2129794966844,179.964529036199,181.732635785529,0,0
0,99.35400003159,0,0,276.166211572588,62.1378037629862,0,0,103.234929623943,107.787281575212,0,0,69.0175358305384,0,39.8306586203011,0,47.0615133446627,0,0,47.466131168796,0,0,67.5355518886094,0,0,0,50.9620959689487,0,82.2464656521468,0,0,35.9032296681797,35.314638135583,0,97.2180977113196,0,53.7971608236521,192.967427247042,190.521083895694,0,0
0,99.3540000000011,0,0,276.161502799471,62.1363383712323,0,0,104.422005649875,109.016578721273,0,0,72.8938661455688,0,38.9444902550115,0,44.4601276609589,0,0,43.7448098780443,0,0,55.8729299355611,0,0,0,46.0313878475448,0,73.2856032307186,0,0,35.1136752336709,35.1901794750654,0,98.3687902683027,0,63.0541941539454,218.015630566547,220.090857531969,0,0
0,99.354,0,0,273.163795282929,61.4620518235775,0,0,101.43527004416,107.53249519287,0,0,72.6716971889768,0,40.6506214903509,0,47.7955129609187,0,0,45.0547618813948,0,0,57.3707594214883,0,0,0,44.9838800965759,0,71.934703471322,0,0,33.2810864902815,32.4369367709467,0,94.4155619612018,0,52.879425194107,177.069740754879,178.117018035282,0,0
0,99.354,0,0,270.163796644784,60.7870522474057,0,0,94.2715779673803,100.053607910782,0,0,62.8708086963135,0,35.1324466306699,0,42.2324403951482,0,0,43.8946068972487,0,0,57.0953872523107,0,0,0,48.6991045261882,0,76.3491212217647,0,0,37.2518302113996,34.691941074701,0,100.379639464564,0,61.8649062473454,223.662846675794,224.255136045304,0,0
0,99.177267531044,0,0,282.207155732785,63.4834806323577,0,0,101.199401078277,105.632655515697,0,0,73.0773052722437,0,37.8449166422937,0,41.6612851537923,0,0,36.5842948889897,0,0,44.8414613533707,0,0,0,36.0439381397694,0,57.3333769791927,0,0,30.6479967761739,30.862583843863,0,90.2775629975842,0,54.7893366726433,193.391967901745,196.05993359598,0,0
0,73.1679145729931,0,0,202.114494348092,45.5095365129572,0,0,74.4195274988219,78.2790080877618,0,0,55.3578141023111,0,34.2269644985943,0,41.1021243458026,0,0,39.2545584723171,0,0,56.1574764887332,0,0,0,43.8661502446961,0,65.1831530318823,0,0,29.0435871813974,30.5302455410738,0,82.3905694102031,0,51.3252291281828,158.779975905549,158.262227309678,0,0
0,73.1670000312808,0,0,207.703916666842,46.7330076144913,0,0,77.9124595202455,79.702207171546,0,0,52.3002989589113,0,28.845532004653,0,32.8736235526752,0,0,32.6899664428141,0,0,47.1212894488647,0,0,0,39.9201219365311,0,62.9319413929532,0,0,31.70262107984,30.8779899762239,0,83.5047880414915,0,55.5002730220998,197.174658962419,197.913409862749,0,0
0,73.1670000000011,0,0,198.715133270113,44.7114984182126,0,0,73.8558918419288,78.749377336613,0,0,50.0161958564195,0,27.1413214103382,0,31.5627984524507,0,0,30.7338585461125,0,0,41.4432577117526,0,0,0,33.5053077683993,0,53.7521992890695,0,0,26.557905728285,27.304145572636,0,76.3910712059973,0,45.8656256282712,166.403932513391,168.270925058407,0,0
0,73.167,0,0,210.699072963962,47.4065002303207,0,0,77.7711326522876,81.1735525809894,0,0,51.7345837617752,0,29.3108431100378,0,33.4963173740327,0,0,34.3317208473073,0,0,43.3707727655301,0,0,0,33.5851814390564,0,50.9684353369858,0,0,22.806738757994,22.8229897322225,0,64.2413636145249,0,39.790738620021,144.922656302616,146.344509787064,0,0
0,73.167,0,0,207.710539829624,46.7350688764341,0,0,76.3701138771847,79.7352670347096,0,0,50.5597395878694,0,28.2846232234985,0,32.5361433420297,0,0,30.9135209540056,0,0,41.4563764976601,0,0,0,32.3475971984519,0,49.1637281090403,0,0,23.4549788151884,23.4794690141357,0,63.8454395555052,0,37.6287203871846,132.066831642643,132.542377115576,0,0
0,73.167,0,0,207.708251360279,46.7343566733376,0,0,75.7638313223399,79.0974435520474,0,0,49.1822392222465,0,26.8351007420588,0,31.0196523310046,0,0,30.2987685438563,0,0,40.2836231707272,0,0,0,33.9220135856335,0,54.7802539044907,0,0,24.3659530646145,24.0580990816303,0,67.0853901068135,0,36.9755564139123,122.817247016856,122.802650050466,0,0
0,73.167,0,0,204.710545282074,46.0600705733114,0,0,75.5376286386638,78.8661630969157,0,0,51.5081411635804,0,27.2389560535088,0,30.0771523534931,0,0,28.9338745252861,0,0,36.8050370705407,0,0,0,27.4248740153645,0,42.9977684722461,0,0,21.0374735101399,21.077337469758,0,68.2463753997371,0,39.4323553802719,137.830226360283,139.778757843615,0,0
0,73.167,0,0,198.712841926049,44.7107853204655,0,0,70.8789349332785,74.0073733015072,0,0,46.1367626117719,0,25.6872893076122,0,29.4537252366796,0,0,27.426143078472,0,0,35.9174305596297,0,0,0,31.2987677540365,0,47.0510671873328,0,0,23.7664490639439,22.5464381237554,0,68.2796728574503,0,44.1745744130434,151.079180542421,151.227103888004,0,0
0,73.167,0,0,201.70595744658,45.383642775883,0,0,72.2925333134572,75.4685306487501,0,0,47.4593005480325,0,25.5835505786254,0,30.3327229311974,0,0,29.0207737592627,0,0,36.2059821485342,0,0,0,29.0589681048541,0,46.1643046225741,0,0,21.5714962253256,22.6250321864872,0,68.4258215249297,0,39.8404796434999,136.655866510773,137.511655706033,0,0
0,73.167,0,0,210.701362794306,47.407212856979,0,0,77.7774183711394,81.184980092195,0,0,52.7300278808712,0,27.9514142805694,0,32.0750737590565,0,0,29.667588825209,0,0,38.7871464903271,0,0,0,31.2956341465824,0,48.5974064500255,0,0,21.4471250643988,21.2266747577939,0,67.8612114248041,0,41.0760150562768,143.493319075546,143.629008440507,0,0
0,73.167,0,0,204.712836471169,46.0607836228318,0,0,74.9439192713017,78.2512029773633,0,0,50.6437941831478,0,27.2080291192719,0,32.6282648647177,0,0,30.693870842122,0,0,37.9232301254763,0,0,0,31.5805231563242,0,48.0165178496512,0,0,22.9639125999726,20.7621411354874,0,64.2444804985281,0,40.0860493423061,142.484034643942,143.465190685109,0,0
0,73.1417525044348,0,0,210.484320187996,47.4079284518146,0,0,78.3837315034929,81.8228607657657,0,0,53.666113015673,0,27.5983080093358,0,32.3789230970633,0,0,32.9577156342001,0,0,40.0840273652313,0,0,0,32.5886020397806,0,49.0541048590335,0,0,22.5618363333492,24.0116904643802,0,65.4025888896604,0,40.5460527235372,140.308335187346,140.837982377195,0,0
0,74.9939347810016,0,0,205.48068455385,46.2314484830257,0,0,72.9476570846266,77.7621702157073,0,0,50.2199789238522,0,26.3382525961005,0,30.7609857384781,0,0,32.0311198700906,0,0,41.0859509993073,0,0,0,35.2610224714157,0,56.3620136084265,0,0,24.4542018602631,24.1246974953462,0,67.1508307526249,0,37.6627394305199,126.529110970722,126.18654806792,0,0
0,74.9939999977693,0,0,223.487714813175,50.2835473635391,0,0,80.1379412479243,82.0055109319353,0,0,52.2606134061309,0,27.2764056091229,0,30.4624748252207,0,0,28.6931728814463,0,0,36.5832186597501,0,0,0,29.0116149511329,0,47.447685454454,0,0,22.0806162171625,21.2790196410841,0,59.6112007607251,0,39.7089712061466,141.794305730924,143.3703376298,0,0
0,74.9939999999999,0,0,205.515263498429,46.2421208897793,0,0,70.8681810071864,77.2740277353708,0,0,49.1264463148488,0,27.2071761675004,0,30.4662387700201,0,0,30.9516943860693,0,0,38.9771387660011,0,0,0,32.3516468406441,0,49.1330858230669,0,0,21.9225916543126,22.4459616487732,0,61.6253774719359,0,32.5914206151432,114.263674110607,114.500074666936,0,0
0,74.994,0,0,208.499212894976,46.9121257214988,0,0,67.5152825176075,70.4810973157719,0,0,44.4191477362109,0,24.2033963468025,0,27.5880693070046,0,0,26.7336192187123,0,0,34.6584711876573,0,0,0,27.0911212539683,0,44.2075235592711,0,0,19.6330423754774,18.6801555096734,0,56.3748929770773,0,34.1808830632922,119.045168097625,120.199383303746,0,0
0,74.994,0,0,208.501498641339,46.9128370771661,0,0,69.6820861299244,71.1189011315266,0,0,46.2379323191324,0,25.1212593054462,0,29.2419114469151,0,0,27.5021716905911,0,0,34.9207919352877,0,0,0,26.6770691984193,0,40.5188240042028,0,0,19.2794138054155,19.5524213945201,0,58.3592839202224,0,34.4376555265075,116.458578070453,117.345807273249,0,0
0,74.994,0,0,211.499204717927,47.5871231766889,0,0,70.7184255429563,75.4543483443537,0,0,48.4870949368539,0,25.6852256139457,0,30.0594002702107,0,0,28.4749463955453,0,0,35.8031829760188,0,0,0,29.761390368211,0,45.6362118233234,0,0,20.6312036403278,20.2919873958802,0,56.4211358513029,0,35.7475548818108,125.105400278536,125.190102679996,0,0
0,74.994,0,0,202.508384480279,45.5649800448343,0,0,67.1965215994931,66.9094219076225,0,0,44.1999692865302,0,24.8704490634597,0,28.669940929691,0,0,27.3598191960391,0,0,35.84835435027,0,0,0,28.9284775451857,0,44.0649388753718,0,0,22.2214608869542,20.6550315673469,0,61.7419802804075,0,34.1248373070181,113.447363305457,114.003518004462,0,0
0,74.994,0,0,205.499208808478,46.2371244497243,0,0,72.3846327385971,77.19387338825,0,0,50.8724674264354,0,28.622550691828,0,33.2849330318223,0,0,30.6529020371915,0,0,37.967859864059,0,0,0,27.8631994385064,0,43.7488787243138,0,0,20.6142957341514,21.2354588850361,0,64.1287633604904,0,40.5298579178551,147.257711566497,148.245209445036,0,0
0,74.994,0,0,205.501498638912,46.2378370764106,0,0,68.459724255544,73.1011445374185,0,0,46.8518149518585,0,26.4581458086685,0,30.444881259523,0,0,27.9989894072407,0,0,38.135732457813,0,0,0,30.6638529372278,0,46.2764840678355,0,0,21.3015109188628,22.0978904466302,0,61.5773015928811,0,35.9897825555656,123.880568191548,123.468609428546,0,0
0,74.994,0,0,214.494614155395,48.2606945305685,0,0,70.9676558105546,74.0755938967392,0,0,47.5125826231114,0,24.8846675133538,0,27.8441613154561,0,0,26.7037320169269,0,0,33.3150662568264,0,0,0,26.0514633454151,0,41.2023275689994,0,0,19.2579355035023,19.1119258068586,0,56.2274916002782,0,31.7404164724138,110.75393270087,112.164128457914,0,0
0,74.994,0,0,205.508381753243,46.2399791961434,0,0,66.1079539511729,69.031335971188,0,0,44.0917100848325,0,24.4471028715251,0,28.212053355945,0,0,28.6753204179837,0,0,36.325257350743,0,0,0,28.3224441749947,0,44.4757760784635,0,0,21.6199129058248,20.7314161226066,0,57.426488193725,0,35.5488797303442,122.95306625119,123.227514571422,0,0
0,75.3727124334772,0,0,203.765015720336,45.5635530953401,0,0,65.2628730276948,68.139327881277,0,0,43.9320199661285,0,23.8644657073289,0,26.7538666252994,0,0,25.5007556352333,0,0,33.2419961622979,0,0,0,26.8042989871819,0,38.7547889766971,0,0,19.0490582644908,17.7270855176408,0,50.8759005038381,0,29.0424902550129,99.3178765075497,100.055424706937,0,0
0,109.531799205826,0,0,307.335088091509,69.1061975634506,0,0,93.8912815633765,97.2580055409992,0,0,56.6911374876997,0,27.3034697046752,0,28.7563764452455,0,0,25.6265949677129,0,0,31.2624239628926,0,0,0,25.67246189072,0,41.448858803811,0,0,18.716150011806,20.3320483972894,0,57.4445553417009,0,34.5960393824873,121.624142849882,122.180570314588,0,0
0,109.53299995893,0,0,313.861822727823,70.6184853712802,0,0,99.746889798137,104.12526713039,0,0,67.7763080270235,0,37.1442029671662,0,41.2688777815873,0,0,36.2966375869301,0,0,44.6894232235816,0,0,0,31.8607236120774,0,44.087147162519,0,0,18.5447085639222,17.8481039780755,0,51.6422368664367,0,30.331888154202,98.6140233170546,99.1618308174543,0,0
0,109.532999999999,0,0,313.866747072227,70.6200178388388,0,0,99.5209393693115,102.270663120168,0,0,64.2699564683911,0,35.444790283419,0,39.9451364699282,0,0,38.931563002845,0,0,49.8025756705762,0,0,0,40.9131351408574,0,65.101004680271,0,0,28.5025400713101,26.785677449323,0,69.5655578018872,0,42.4014747819736,151.391940335597,149.832012144742,0,0
0,109.533,0,0,301.875931123323,67.9228760416985,0,0,97.9868194604754,102.317755750404,0,0,68.3299694287716,0,37.0101075383484,0,42.0552986695268,0,0,39.192304863135,0,0,46.7532730714011,0,0,0,35.3265544569356,0,58.7688922048113,0,0,29.4848288112045,27.4977884675849,0,72.0790883855848,0,42.6353109038459,145.416155058111,146.955094734782,0,0
0,109.533,0,0,313.857574329008,70.6171631551417,0,0,102.466423114594,106.955438547733,0,0,67.8177874436294,0,37.1798400607527,0,42.6222841502781,0,0,39.6031685947996,0,0,49.5401865188972,0,0,0,37.6702385961763,0,58.6253442110904,0,0,27.0473643476887,29.4590886664384,0,77.8220291117137,0,43.6794060770193,155.874922981735,156.254885733353,0,0
0,109.533,0,0,304.873630392966,68.5971600228064,0,0,100.140717191316,102.549004439843,0,0,64.0841386067447,0,35.0606200358031,0,42.1301905338599,0,0,39.6670223838866,0,0,51.8833861743679,0,0,0,40.0926416649453,0,62.7989268330669,0,0,29.1169924981651,26.6961468863182,0,71.5619963098151,0,41.6491993138852,138.919131556126,138.93191508241,0,0
0,109.533,0,0,322.852982399722,72.6407340836689,0,0,111.007499676555,115.862555769425,0,0,72.978119846359,0,37.634030522809,0,43.322939311544,0,0,39.4238953422414,0,0,46.6085845862951,0,0,0,35.9347510591786,0,55.8432380765762,0,0,27.8717806251128,27.8337059665159,0,80.3378819041417,0,45.9659872807153,160.134019804021,161.761274977983,0,0
0,109.533,0,0,307.87821822765,69.2735878199827,0,0,103.914284083568,108.51089523135,0,0,68.5832709490815,0,38.0806284351845,0,46.5090634497584,0,0,45.2617261695355,0,0,56.9448273985327,0,0,0,42.863153965742,0,65.4813665193658,0,0,30.4915230294731,29.5303574546245,0,79.2266400277157,0,47.7262100664537,169.340327169617,169.219250898097,0,0
0,109.533,0,0,316.859870968933,71.2928779010353,0,0,109.361412317607,114.158687730135,0,0,72.3910218788699,0,37.7403589509908,0,42.9263835063613,0,0,40.4808732489296,0,0,51.4464810499597,0,0,0,42.8368560484393,0,65.8803275118175,0,0,31.0401698598614,32.1553335076298,0,89.1306308560499,0,49.2075937732716,166.915841985262,167.026706950164,0,0
0,109.533,0,0,307.873631757291,69.272160447403,0,0,104.501692364964,109.114398884077,0,0,69.046838984028,0,36.875559245519,0,41.5175920860835,0,0,39.969910929558,0,0,48.8572106983884,0,0,0,40.5970318384589,0,63.5667310119955,0,0,31.4663407570876,29.2358782635741,0,82.4372733698412,0,48.3312650102626,171.238031909274,172.565948354294,0,0
0,109.533,0,0,301.871344650657,67.9214486684007,0,0,101.030413409999,105.485521489965,0,0,65.7692291741479,0,37.5946674551653,0,42.3824980519845,0,0,39.0200882419234,0,0,47.7235765928546,0,0,0,36.6611750383873,0,56.5511964554656,0,0,29.066779570401,28.9060224824108,0,84.1104162521582,0,47.8360154569342,163.308104187206,164.847324703947,0,0
0,110.593394813736,0,0,313.875819029236,69.9428766302668,0,0,105.896401173957,110.541207789439,0,0,69.2255999999083,0,38.0220961554549,0,43.1003126561191,0,0,40.5551081209886,0,0,53.2212850518536,0,0,0,39.8353488526741,0,62.5203068389559,0,0,30.5531750290159,31.4240650667639,0,87.6031850284715,0,50.7338709286088,178.04884206383,177.828936384755,0,0
0,292.05261889475,0,0,800.708391810663,179.92869620686,0,0,237.403350465049,242.164452976248,0,0,133.137489145974,0,53.2264250166072,0,49.3869339626777,0,0,40.1426045263682,0,0,50.1040310782418,0,0,0,38.5477612324812,0,59.260976700236,0,0,28.161733273756,28.413105707328,0,76.8786727821513,0,46.0800090652082,158.469325162381,159.562601749391,0,0
0,292.058999781749,0,0,812.476603627766,182.806490678132,0,0,253.305468108509,262.707454612055,0,0,163.371317255245,0,88.349917542545,0,98.3222211203515,0,0,86.0195805118,0,0,101.573031300002,0,0,0,72.4538765280563,0,100.65741583683,0,0,36.9491509550134,34.8337979143097,0,88.0177733109219,0,45.9901660842461,157.349534741154,156.099768773233,0,0
0,292.058999999993,0,0,827.473768453479,186.180608035012,0,0,262.370297334404,273.890176778845,0,0,170.827458301418,0,89.5135221656984,0,102.24156989756,0,0,94.967224270973,0,0,118.810901455346,0,0,0,92.1667837187638,0,137.088404170218,0,0,59.9511766501135,56.8037394199119,0,148.248094481158,0,83.168171980049,276.019633176715,272.747972496898,0,0
0,292.059,0,0,824.487538460623,185.509893450382,0,0,263.227928394483,273.08979368934,0,0,172.202688690525,0,91.4911723745175,0,102.598499710517,0,0,97.1458104322416,0,0,122.240378345184,0,0,0,94.7804151330447,0,149.574665836524,0,0,65.6169703140335,65.262212667883,0,172.629226127526,0,98.7973430348681,349.196500076506,349.201077507203,0,0
0,292.059,0,0,824.485251359466,185.509181673084,0,0,266.784093047932,276.797566363338,0,0,173.627504122375,0,94.8603522360006,0,107.740116132986,0,0,100.171896095852,0,0,123.677614852768,0,0,0,95.7298560338273,0,146.170045793299,0,0,68.1562044896712,63.0578254293417,0,172.357422786736,0,98.8360789223766,330.088943601062,332.156445939882,0,0
0,292.059,0,0,809.496726407136,182.137752865551,0,0,264.415540915648,274.349194240807,0,0,174.122159226694,0,94.6743065285302,0,108.964902145317,0,0,102.935759937439,0,0,129.426264653154,0,0,0,100.911091865772,0,155.88562093649,0,0,72.3877869134315,73.6251880850799,0,196.375569543502,0,118.303379412135,410.667607487077,411.458504169337,0,0
0,292.059,0,0,806.487552098855,181.459897694787,0,0,266.067971510381,277.779854295531,0,0,175.503725053316,0,95.6939496412874,0,109.716018400771,0,0,105.820768902519,0,0,130.019424833556,0,0,0,102.018342127851,0,157.093815286563,0,0,72.9863975888752,72.114928127892,0,194.84222995348,0,110.744590572056,386.765871907868,388.196366103689,0,0
0,292.059,0,0,809.482956086302,182.133467352546,0,0,271.540178963125,281.75803903485,0,0,181.941096315002,0,97.9712808607098,0,112.1537349819,0,0,105.921308804094,0,0,134.220465841198,0,0,0,103.832645890757,0,158.208215836396,0,0,73.2887784793032,72.864960675885,0,205.076804555986,0,116.846351704654,404.590796180239,406.037432192202,0,0
0,292.059,0,0,812.482953356029,182.808466502847,0,0,275.187442115596,283.840751972746,0,0,177.221433665207,0,96.8911097793768,0,109.252859716936,0,0,101.738504878766,0,0,129.186897180422,0,0,0,101.581067824125,0,158.314110736446,0,0,70.7224307842436,71.797174813392,0,215.288491366472,0,123.552633446099,418.384432373318,419.926583014661,0,0
0,292.059,0,0,806.489839198204,181.460609471523,0,0,280.961580550072,293.333638567919,0,0,188.565792549551,0,102.565425445069,0,118.838991845481,0,0,113.366960420867,0,0,142.309377758263,0,0,0,111.080688583676,0,168.412815446899,0,0,79.8306593540189,75.3712236404066,0,213.875792917398,0,131.014600284726,462.504312888791,463.454068703585,0,0
0,292.059,0,0,827.469185757366,186.179181837019,0,0,289.732380014156,302.446451189509,0,0,194.381424071956,0,106.044051677971,0,125.416595622624,0,0,123.186366785622,0,0,158.375052648017,0,0,0,125.091123212395,0,193.125685128488,0,0,86.2677280654682,85.166229402821,0,228.550444630792,0,131.461078692001,450.143541305456,449.836069990408,0,0
0,296.805529166248,0,0,846.513249927257,188.207035310906,0,0,332.066128097753,305.72601478503,0,0,193.827878427012,0,106.570699302753,0,120.217990996646,0,0,116.99107909049,0,0,152.388987171434,0,0,0,117.561599645904,0,184.097978433077,0,0,85.7245881414003,83.9977859744481,0,236.387714015556,0,139.35366279347,470.420263922944,472.976960621136,0,0
0,659.01226909257,0,0,1836.43625098011,412.736403719784,0,0,659.332181863932,680.406345977604,0,0,393.952890436367,0,174.607104371679,0,176.84446620586,0,0,145.283661716058,0,0,170.318051461621,0,0,0,122.270734233571,0,186.819275749808,0,0,88.4166333360601,87.2910917174724,0,256.14817541816,0,152.724673822265,521.537471184017,524.012246758923,0,0
0,659.024999564569,0,0,1838.99252252147,413.773212336251,0,0,673.445018681657,703.073908211615,0,0,445.297012207211,0,238.079729566948,0,269.690718283414,0,0,249.769411099397,0,0,296.241683578173,0,0,0,215.403608111711,0,311.322188643677,0,0,125.10551208476,117.303515139419,0,306.719308331505,0,178.073154625799,617.541174451399,611.392922248777,0,0
0,659.024999999985,0,0,1850.98456813818,416.470736228492,0,0,681.546357701503,704.631593761144,0,0,438.625734881895,0,234.183616632305,0,268.039412991979,0,0,248.745855964601,0,0,313.560198670503,0,0,0,243.160449880143,0,375.590132712004,0,0,171.696159540147,165.870819769855,0,453.661179588595,0,255.002090128523,866.439753208945,861.220668993785,0,0
0,659.025,0,0,1868.9799728579,420.519306114122,0,0,700.744726424546,731.548191436397,0,0,458.96979865037,0,243.358130889716,0,278.583973480774,0,0,261.977958444795,0,0,322.991890273907,0,0,0,252.739340120828,0,386.827550831273,0,0,172.827074025995,172.772286311686,0,471.306260313117,0,281.093365261269,981.449799441971,985.146840083347,0,0
0,659.025,0,0,1860.00062765945,418.500734172099,0,0,698.303935674295,729.043929243793,0,0,461.754962309617,0,251.759447291331,0,288.629678638275,0,0,270.103256023701,0,0,337.414237123901,0,0,0,261.228893312221,0,395.389943829719,0,0,172.432176154232,171.759329731232,0,471.52220697512,0,271.89791911612,934.925715562827,937.98765525891,0,0
0,659.025,0,0,1839.00982105455,413.778595282943,0,0,684.403845339721,716.74192288444,0,0,452.680383641184,0,245.215208844541,0,282.198092491476,0,0,275.168460642906,0,0,353.999917135953,0,0,0,276.362041773284,0,428.097476939312,0,0,190.691124794428,183.758001499161,0,510.877628626898,0,289.514438470568,1005.53930206996,1005.61771764434,0,0
0,659.025,0,0,1859.97769257819,418.493596459754,0,0,693.556231730972,724.038566430097,0,0,462.850708584594,0,253.044375742608,0,289.290078140329,0,0,274.690801220841,0,0,344.391204465308,0,0,0,268.807526113435,0,413.730450007713,0,0,191.748795197034,188.914392866324,0,547.539469631201,0,319.910080732269,1094.59615314508,1101.39828165864,0,0
0,659.025,0,0,1889.97078764839,425.241447550747,0,0,709.062273478754,740.212190000617,0,0,474.467641498161,0,262.602244524047,0,303.758169988709,0,0,294.696935118223,0,0,374.027125576415,0,0,0,298.321193984512,0,457.383444347971,0,0,207.242909780382,204.094327568603,0,579.052877735711,0,338.642894360059,1172.57189743451,1173.323155029,0,0
0,659.025,0,0,1898.98685051536,427.271446535602,0,0,730.31972484977,744.778973930996,0,0,477.530029423843,0,265.62503023027,0,307.505201032952,0,0,295.865126880815,0,0,373.176833753346,0,0,0,296.488649209149,0,457.91701215119,0,0,214.809673964557,211.842963562617,0,606.339532434289,0,359.419195241325,1229.87624941805,1235.72922201925,0,0
0,659.025,0,0,1898.99374590134,427.273592474442,0,0,759.636236584541,793.060193463994,0,0,514.287363785499,0,284.872914031665,0,326.773700547126,0,0,309.277130127921,0,0,382.699189384057,0,0,0,301.795692392672,0,464.261245569035,0,0,214.114511985977,213.295191092176,0,609.914254653507,0,363.588031617932,1267.62620108206,1272.3838185466,0,0
0,659.025,0,0,1907.98686415377,429.296450780062,0,0,765.714850223417,799.391661269105,0,0,518.717001291739,0,289.426189989118,0,335.887356147939,0,0,329.090695105654,0,0,419.472362417439,0,0,0,330.489813811036,0,512.943495200973,0,0,233.252294623673,227.7195131885,0,627.23713253231,0,366.638982187615,1272.77680051113,1272.68310462369,0,0
0,665.867071298155,0,0,1902.85736372444,426.601449769203,0,0,763.02275715693,790.357740369089,0,0,508.552510883188,0,278.957208907875,0,328.871902675765,0,0,327.094356649925,0,0,420.092197864086,0,0,0,344.568896427352,0,536.368391731949,0,0,245.998822477199,244.598579961772,0,680.549053539616,0,390.44673248029,1354.19469578302,1357.40392214445,0,0
0,628.489331254932,0,0,1859.65222780444,418.465129489586,0,0,763.62929228086,797.939252224231,0,0,515.575492344872,0,286.046192259946,0,332.393695303746,0,0,315.268091994968,0,0,401.182421476704,0,0,0,324.031456297852,0,507.458711644665,0,0,232.857022843724,229.786029224839,0,674.721819445299,0,392.919758269005,1343.5548405302,1352.20902861637,0,0
0,628.488000045532,0,0,1871.11915343626,421.001046765679,0,0,771.778469019643,805.717914301775,0,0,526.848917546318,0,291.701458646195,0,343.842080567806,0,0,335.783432491499,0,0,435.112329443923,0,0,0,346.718096823871,0,530.882826065722,0,0,247.873065750538,240.729353585159,0,683.081274491386,0,411.756784350942,1421.72379707321,1424.81201182347,0,0
0,628.488000000002,0,0,1832.15783340192,412.238084564495,0,0,755.65845025765,785.216333695485,0,0,515.047371536733,0,290.820385911534,0,346.466356727605,0,0,343.701718869461,0,0,442.539363842307,0,0,0,356.270666068521,0,550.559379764044,0,0,255.784733544905,250.38915691476,0,733.476596473153,0,415.935727756612,1444.35143097782,1450.31067519428,0,0
0,628.488,0,0,1847.11654131628,415.60023390022,0,0,768.170849767551,801.946000256519,0,0,524.28633898278,0,292.744747444317,0,346.358998420568,0,0,342.381505224065,0,0,449.679919916624,0,0,0,373.959270630062,0,595.068834414822,0,0,282.686343351152,276.907670968575,0,815.500105597935,0,478.120758236496,1659.34564957284,1659.75740896755,0,0
0,628.488,0,0,1862.11651678661,418.97522626625,0,0,778.333282261477,812.555527796081,0,0,530.889762785437,0,294.073455950198,0,347.220854441282,0,0,335.964166561005,0,0,436.85066176986,0,0,0,367.188916314598,0,571.854756671373,0,0,272.294148709103,275.338763294469,0,795.911882825756,0,483.410355871915,1651.65157187503,1661.16452297682,0,0
0,628.488,0,0,1850.13717430343,416.281655169254,0,0,764.337125694916,808.555740570851,0,0,534.871086651238,0,298.416137662391,0,357.193505022152,0,0,359.635059658972,0,0,480.252916801731,0,0,0,394.195204040215,0,613.500934068585,0,0,288.889148648943,278.311331719349,0,816.594716266082,0,464.399928183494,1591.68708107893,1594.40987499291,0,0
0,628.488,0,0,1853.12571016875,416.953087373061,0,0,746.160073142589,778.986267542777,0,0,520.830438040826,0,298.249404338315,0,360.125724968538,0,0,367.018965869686,0,0,487.317535903089,0,0,0,404.873827859689,0,622.770442373693,0,0,292.153424901219,292.074873149052,0,852.270987739367,0,524.513963503895,1846.35007218567,1853.90310577279,0,0
0,628.488,0,0,1883.10504582706,423.696656346063,0,0,769.428331769705,803.234364200246,0,0,546.471190826885,0,314.790777879485,0,380.851376433462,0,0,377.256691270504,0,0,495.690159191125,0,0,0,414.778755895836,0,642.176833745054,0,0,303.866512779665,294.957094085716,0,871.169730017025,0,497.25794279183,1699.9502998925,1706.04196111241,0,0
0,628.488,0,0,1817.17848255186,408.869510863613,0,0,733.649800765367,767.567347225028,0,0,514.146830094381,0,295.514596866336,0,363.057639556872,0,0,378.521607462422,0,0,495.690159191125,0,0,0,428.682352941146,0,665.876573033935,0,0,320.362633409321,316.304495610353,0,953.75832394054,0,559.904079833999,1950.66153950878,1955.85991734588,0,0
0,628.488,0,0,1880.07982908271,423.01380854882,0,0,760.035676666984,793.374833190479,0,0,530.427216520746,0,297.985569814381,0,361.048033688593,0,0,372.138701044548,0,0,495.690159191125,0,0,0,422.105882352941,0,656.619294825937,0,0,315.5153975885,309.763212259095,0,958.572751818987,0,556.101819823469,1925.40907471307,1935.79136318097,0,0
0,628.488,0,0,1847.15321947786,415.611648647949,0,0,746.879664427613,779.795985498799,0,0,529.406276595618,0,303.638534325736,0,372.243789735932,0,0,363.032565024647,0,0,495.690159191125,0,0,0,435.611764705882,0,692.996583214395,0,0,337.042924768993,336.070692347713,0,1001.31790491133,0,605.351715948654,2102.73533227062,2107.69876654953,0,0
0,626.291467885832,0,0,1842.24756283945,413.580947631689,0,0,738.331874307345,770.833154700271,0,0,514.036292526199,0,289.374592502179,0,351.401987481136,0,0,353.969474906673,0,0,495.690159191125,0,0,0,432.611764705882,0,682.433237588995,0,0,330.153207743741,324.207176621223,0,974.511098377804,0,563.687802008932,1924.72289198523,1933.70840420256,0,0
0,536.5321524419,0,0,1640.96651531036,369.329444384811,0,0,688.658181510458,720.865459134096,0,0,489.611581533425,0,283.529083726391,0,350.257721355373,0,0,356.277545934237,0,0,495.690159191125,0,0,0,434.376470588235,0,670.012529899038,0,0,326.22623261549,324.065978825631,0,1006.88993830335,0,593.617342536299,2064.57535136013,2074.8969775884,0,0
0,536.529000107822,0,0,1651.60942491427,371.611402721766,0,0,702.13346971539,733.009648229516,0,0,511.175488403124,0,293.382941657819,0,358.915012923482,0,0,358.859127557161,0,0,495.690159191125,0,0,0,436.4,0,687.571349857667,0,0,332.054500743152,325.594945645063,0,1019.76523402927,0,605.293846740992,2093.4103421873,2101.27462377675,0,0
0,536.529000000004,0,0,1606.65217427532,361.499707057358,0,0,674.230561974158,704.526129465848,0,0,478.892821859687,0,283.027212536641,0,351.556636068554,0,0,335.933878154535,0,0,495.690159191125,0,0,0,441.207605256789,0,701.842234154783,0,0,344.868756207421,339.207154864952,0,1064.93956681224,0,625.943313446885,2169.87110379075,2178.0801119301,0,0
0,536.529,0,0,1633.59711291844,367.557571206728,0,0,690.362517770823,720.694588499799,0,0,496.291908502822,0,279.153899160148,0,321.277642280333,0,0,345.025394858421,0,0,495.690159191125,0,0,0,440.398642743823,0,695.753297529513,0,0,349.359336599747,347.387978531403,0,1083.66666666667,0,647.245436611397,2225.16269031813,2234.83213027963,0,0
0,536.529,0,0,1669.5901943653,375.655418057952,0,0,711.133522175639,742.36480476459,0,0,522.396982578287,0,271.960453177641,0,328.682585824687,0,0,347.253454675656,0,0,488.140605591568,0,0,0,442.194353586722,0,694.510762620915,0,0,342.009125335795,338.26085850483,0,1083.66666666667,0,646.930434820618,2249.93755966672,2259.71989687044,0,0
0,536.529,0,0,1639.64068644316,368.921131886188,0,0,687.947150221927,718.265600050667,0,0,494.822920208877,0,260.640438747365,0,317.795153348314,0,0,329.746891073231,0,0,468.716189771873,0,0,0,441.145625228323,0,701.94964554238,0,0,356.453193976974,344.151797059437,0,1083.66666666667,0,648.812675012784,2238.67881312,2248.412199264,0,0
0,536.529,0,0,1639.61776362545,368.913997990428,0,0,687.284214669491,717.52475071032,0,0,492.604647642042,0,253.428768033602,0,311.097619326234,0,0,326.968557970171,0,0,483.071748723164,0,0,0,440.295538366823,0,700.182943071931,0,0,352.173818204445,353.43290201177,0,1083.66666666667,0,647.113750587216,2252.189308992,2261.9814364224,0,0
0,536.529,0,0,1669.59479719544,375.65685052192,0,0,707.54615872167,738.629381860584,0,0,451.004190415099,0,243.479653823875,0,299.285142965499,0,0,323.293518729021,0,0,476.978054351839,0,0,0,441.278086762951,0,700.803351235274,0,0,351.120813767206,346.338584257685,0,1083.66666666667,0,652.077963861032,2238.67881312,2248.412199264,0,0
0,536.529,0,0,1678.61085052103,377.686846537367,0,0,713.486082162654,743.196124008802,0,0,418.071422437295,0,240.081072605974,0,304.062099297089,0,0,318.762203516379,0,0,459.093558687726,0,0,0,440.402066932312,0,703.919999999962,0,0,359.312156754796,350.241647624811,0,1083.66666666667,0,653.061659293608,2267.951554176,2277.8122131072,0,0
0,536.529,0,0,1642.64528927653,369.597564351162,0,0,697.618751232412,728.372527765632,0,0,410.537611384673,0,247.119749840603,0,310.019736753249,0,0,314.403222114249,0,0,456.96272826158,0,0,0,440.369547365792,0,702.55888292159,0,0,362.933580576883,331.664631130181,0,1083.66666666667,0,648.779953316287,2261.19630624,2271.027594528,0,0
0,536.529,0,0,1678.59022298459,377.680426964668,0,0,709.257570903635,682.766535255996,0,0,428.760431419693,0,252.305704945578,0,307.191381626738,0,0,324.691123106995,0,0,479.140520917016,0,0,0,440.672612231112,0,701.066294307209,0,0,355.772820889512,338.637789409364,0,1083.66666666667,0,650.112246212784,2243.182311744,2252.9352783168,0,0
0,532.161183267229,0,0,1640.214267883,370.271846214539,0,0,612.196127772866,605.34850498587,0,0,439.849051533904,0,254.199454401134,0,315.025139278229,0,0,319.547285866408,0,0,461.35188208012,0,0,0,440.785206758929,0,704.349645542432,0,0,354.156469908657,354.07610116967,0,1083.66666666667,0,702.617116668136,2256.692807616,2266.5045154752,0,0
0,570.283648450139,0,0,1678.89596110421,377.70750263782,0,0,591.391715235317,619.957462776605,0,0,437.755217006948,0,250.102197183674,0,313.978986091872,0,0,341.827533757811,0,0,477.049622296325,0,0,0,439.978254914509,0,704.851471535949,0,0,352.815614815973,345.579716977229,0,1083.66666666667,0,717.780639696988,2350,2360.21739130435,0,0
0,570.284999953773,0,0,1712.40316190622,385.288505446819,0,0,579.587506940462,597.570076397688,0,0,436.758602998313,0,263.898838698004,0,326.558545838604,0,0,334.277549138687,0,0,481.668872922866,0,0,0,440.45532481995,0,698.582943071987,0,0,355.579042374264,355.706136773307,0,1083.66666666667,0,679.372270868146,2350,2360.21739130435,0,0
0,570.284999999998,0,0,1712.42873479852,385.296464019094,0,0,565.37802616138,590.416471001527,0,0,453.299589135822,0,263.724049317345,0,322.175745462881,0,0,324.165299902559,0,0,472.829819495419,0,0,0,441.48691453569,0,704.647819548915,0,0,347.430521808528,333.948104003928,0,1083.66666666667,0,678.14504041265,2350,2360.21739130435,0,0
0,570.285,0,0,1700.43793111603,376.583962119471,0,0,594.048994955166,633.846838058199,0,0,459.858995623526,0,259.555322912162,0,324.19968646064,0,0,343.786390351424,0,0,480.195559876114,0,0,0,439.395922490228,0,704.660708915056,0,0,335.594604741369,320.654650446488,0,1032.72389276105,0,678.137770230814,2350,2360.21739130435,0,0
0,570.285,0,0,1700.42875545407,326.722985223336,0,0,624.412398374057,658.072783544183,0,0,462.449744336182,0,271.832518544014,0,336.611134206681,0,0,346.344285343652,0,0,474.731996110623,0,0,0,440.940623832066,0,697.305177228855,0,0,319.218005309946,310.381588051348,0,1026.28468682304,0,678.137727161851,2350,2360.21739130435,0,0
0,570.285,0,0,1506.87122591347,342.010796088719,0,0,643.409304068137,680.228915302718,0,0,479.162373089342,0,276.163315960364,0,327.841579853323,0,0,322.297516158233,0,0,469.416266932829,0,0,0,441.40355031827,0,701.364468313658,0,0,308.180223059585,297.038539177254,0,981.760212005866,0,678.137726906708,2350,2360.21739130435,0,0
0,570.285,0,0,1608.35868918564,367.768387096494,0,0,674.395700221087,712.981462210053,0,0,478.307268455367,0,257.435434993914,0,312.27323575434,0,0,340.09299861223,0,0,486.972140210107,0,0,0,435.179828225443,0,645.771359225582,0,0,310.819056324517,316.17651163245,0,1015.17310171096,0,678.137726905196,2350,2360.21739130435,0,0
0,570.285,0,0,1733.54218228886,394.697862066046,0,0,680.650715630507,707.11620939023,0,0,459.887086089645,0,271.183257525098,0,335.752744494865,0,0,336.829428805101,0,0,464.146456431391,0,0,0,397.344988261421,0,613.905109099243,0,0,310.879555688596,300.883404474772,0,998.509480056219,0,678.137726905187,2350,2360.21739130435,0,0
0,570.285,0,0,1782.01241244473,400.73195935207,0,0,662.323366205714,686.22361254285,0,0,478.035764709078,0,276.605172469818,0,329.118366429523,0,0,301.625632249055,0,0,405.132031561863,0,0,0,375.492153219736,0,606.075807321904,0,0,305.281569903329,302.944511066454,0,1013.14066753961,0,678.137726905187,2350,2360.21739130435,0,0
0,570.285,0,0,1715.16599848874,381.572845015455,0,0,667.143434405541,701.961465284051,0,0,476.810634668474,0,245.888254776734,0,282.325843040588,0,0,277.653195434651,0,0,389.413699589982,0,0,0,367.237018839868,0,594.137460621281,0,0,304.103842143468,298.401413939287,0,1003.07947658527,0,678.137726905187,2350,2360.21739130435,0,0
0,570.285,0,0,1684.93951664066,379.882357931918,0,0,674.650428930384,700.005320695642,0,0,438.769277805172,0,221.715657346223,0,260.000410091403,0,0,267.625194000757,0,0,403.212779829561,0,0,0,373.539228011534,0,603.44339258595,0,0,309.445985907194,311.790800397893,0,1008.81313590538,0,678.137726905187,2350,2360.21739130435,0,0
0,568.138962876962,0,0,1700.28721473779,381.580139134271,0,0,645.967193660199,661.782420874758,0,0,407.655972335331,0,229.89051929374,0,284.131745448398,0,0,306.111458306169,0,0,442.966776043477,0,0,0,385.935497964575,0,603.38748716644,0,0,314.520406348921,311.375858136224,0,1010.03647638587,0,678.137726905187,2350,2360.21739130435,0,0
0,586.988331768686,0,0,1607.20914272454,355.389391014445,0,0,601.200580916069,612.437456454461,0,0,412.350547864284,0,245.216771396588,0,309.630335502151,0,0,325.564560741822,0,0,452.644355035255,0,0,0,379.780258452825,0,615.329432777653,0,0,307.869653268744,299.164873860398,0,1002.33296524299,0,678.137726905187,2350,2360.21739130435,0,0
0,586.988999977145,0,0,1455.70668504637,320.347975165571,0,0,573.453810193107,599.384605775267,0,0,446.142415388934,0,266.493581729929,0,331.172831005555,0,0,332.989870006992,0,0,455.345386344443,0,0,0,381.931013742819,0,623.343337094858,0,0,317.770641302815,324.542532446851,0,1000.91949627422,0,678.137726905187,2350,2360.21739130435,0,0
0,586.988999999999,0,0,1364.90054838922,306.40050484251,0,0,608.173265435242,653.472690835222,0,0,479.843878403705,0,282.360089623192,0,337.555998265985,0,0,342.943935002641,0,0,474.212694522022,0,0,0,401.641107905191,0,647.024612586067,0,0,328.364718653329,325.982916180338,0,992.962668191688,0,678.137726905187,2350,2360.21739130435,0,0
0,586.989,0,0,1457.95073158959,335.895070743649,0,0,658.254081306957,701.932661405969,0,0,497.773952083866,0,284.768798413081,0,338.807548240976,0,0,350.178169328203,0,0,478.427950692604,0,0,0,413.352252862911,0,662.387429611972,0,0,315.592466650653,302.395201177575,0,991.525856309539,0,678.137726905187,2350,2360.21739130435,0,0
0,586.989,0,0,1626.33080169746,373.934844753888,0,0,704.804126999488,750.545550736133,0,0,519.138397301973,0,299.476958597037,0,358.428804083736,0,0,367.103408703721,0,0,495.471371875285,0,0,0,406.468540357841,0,627.297114414094,0,0,312.667704873324,311.837296316333,0,975.745478695914,0,678.137726905187,2350,2360.21739130435,0,0
0,586.989,0,0,1770.70069157916,404.723386555875,0,0,735.089148931074,777.188418759432,0,0,543.03026652521,0,301.054727049221,0,360.92170801148,0,0,360.743100927469,0,0,495.689106351093,0,0,0,389.68898406702,0,626.011157013871,0,0,318.415236033115,319.515150049678,0,1009.38402962919,0,678.137726905187,2350,2360.21739130435,0,0
0,586.989,0,0,1895.81503930166,431.872721099301,0,0,766.266367869219,810.647384226959,0,0,548.531895855874,0,306.762909210317,0,364.002411744598,0,0,348.61628493156,0,0,461.859398026656,0,0,0,399.345617671989,0,652.842208236084,0,0,325.454182960947,324.473000917604,0,1018.36406181922,0,678.137726905187,2350,2360.21739130435,0,0
0,586.989,0,0,2032.72753299246,463.702214491181,0,0,797.219373515642,839.87424366076,0,0,556.289901332568,0,305.622797880757,0,349.877024695958,0,0,361.107243976075,0,0,493.444335939202,0,0,0,413.244900604489,0,666.463716133565,0,0,325.670364072548,318.762327152309,0,982.950328425903,0,678.137726905187,2350,2360.21739130435,0,0
0,586.989,0,0,2129.56112965891,482.524345094487,0,0,804.767933696473,840.092195162124,0,0,548.419849199745,0,292.514585970113,0,354.709881387354,0,0,367.19951211371,0,0,495.679351925556,0,0,0,410.094788238313,0,657.365557479806,0,0,326.014793078603,326.368860871841,0,1005.08372263092,0,678.137726905187,2350,2360.21739130435,0,0
0,586.989,0,0,1719.40114577842,388.176622813945,0,0,799.253708332524,831.396663398043,0,0,549.672254973432,0,309.121839982637,0,368.407221672019,0,0,364.536134600756,0,0,495.690107184811,0,0,0,418.110122990412,0,672.264767448675,0,0,324.628142968464,317.960991466105,0,1014.89329373731,0,678.137726905187,2350,2360.21739130435,0,0
0,586.989,0,0,1715.50352648122,385.988360401655,0,0,796.782544181667,833.737707071727,0,0,568.514403008664,0,314.245668250345,0,365.738782115225,0,0,358.599191677934,0,0,495.690158940862,0,0,0,417.029180049805,0,658.891370400891,0,0,320.996238364009,315.065039758713,0,987.606777504925,0,678.137726905187,2350,2360.21739130435,0,0
0,586.711277548783,0,0,1699.63685897129,382.616690508853,0,0,670.893604242769,690.71069969729,0,0,576.265457681122,0,310.788677575397,0,370.889230514873,0,0,371.658422324174,0,0,495.690159189921,0,0,0,395.117647058824,0,667.737803748263,0,0,328.01908962397,333.571942896949,0,1029.44437199545,0,678.137726905187,2350,2360.21739130435,0,0
0,585.771032414602,0,0,1699.31975498572,382.347978721466,0,0,673.44522607465,706.160224327375,0,0,465.63602292943,0,317.544502617801,0,366.919990183762,0,0,352.526201360257,0,0,464.73937674367,0,0,0,362.4504530925,0,583.656357073627,0,0,333.761070707384,326.909538334388,0,1003.6095431758,0,678.137726905187,2350,2360.21739130435,0,0
0,585.771000001109,0,0,1681.32102967971,378.298419674101,0,0,672.066931171104,700.133808739873,0,0,478.41085038818,0,267.868531128471,0,320.515349019403,0,0,325.421114520637,0,0,454.646680577203,0,0,0,386.245854039877,0,636.673449432859,0,0,331.60122147611,329.685120120424,0,1019.06805467157,0,678.137726905187,2350,2360.21739130435,0,0
0,585.771,0,0,1672.31414402967,376.271276766736,0,0,674.387946459275,699.475597574964,0,0,478.883544943988,0,267.875180134754,0,319.107795167544,0,0,324.901069206038,0,0,439.114647004057,0,0,0,364.134816727372,0,589.062114507132,0,0,336.265099911358,333.20338261052,0,993.667919198723,0,678.137726905187,2350,2360.21739130435,0,0
0,585.771,0,0,1687.29577768909,379.64056090925,0,0,688.793669296455,719.076192070227,0,0,492.003978517998,0,274.120720161286,0,324.890417513336,0,0,325.752317247334,0,0,439.50506859808,0,0,0,357.959605587461,0,578.692512549886,0,0,281.573209322662,321.182334213274,0,1001.79690240838,0,678.137726905187,2350,2360.21739130435,0,0
0,585.771,0,0,1717.28429037219,386.38698589843,0,0,699.012196474106,735.853347926239,0,0,506.005084010703,0,279.192851726149,0,329.327614422436,0,0,328.267189521038,0,0,440.64364579222,0,0,0,366.756452039946,0,587.660296911432,0,0,286.915697349965,285.140725905349,0,998.485432889899,0,678.137726905187,2350,2360.21739130435,0,0
0,585.771,0,0,1684.3324844547,378.976984558945,0,0,674.730884118384,702.939346012078,0,0,484.989771272249,0,272.65164456387,0,325.175393237293,0,0,329.698503113598,0,0,446.946189858999,0,0,0,368.105650173191,0,587.841280487249,0,0,289.10260496879,283.002129458851,0,963.827073746956,0,678.137726905187,2350,2360.21739130435,0,0
0,585.771,0,0,1699.29578858426,382.340564299979,0,0,685.492584439115,714.096530089751,0,0,489.333828296847,0,274.822853198072,0,327.05495310044,0,0,328.040781249408,0,0,441.063523426388,0,0,0,363.774983978705,0,582.84037219754,0,0,285.984391442623,283.661507342691,0,911.301445531001,0,678.137726905187,2350,2360.21739130435,0,0
0,585.771,0,0,1681.32101487891,378.298415069404,0,0,682.735525730489,709.738435349593,0,0,488.70131497845,0,272.76152372808,0,324.549735111137,0,0,326.36170581135,0,0,441.72059449966,0,0,0,364.610535643978,0,586.621668464317,0,0,291.114348159712,285.236277367156,0,898.850575773109,0,678.137726905187,2350,2360.21739130435,0,0
0,585.771,0,0,1705.28889592694,383.688419210334,0,0,695.632308589422,729.267819383329,0,0,503.526091002195,0,280.933826209734,0,333.962224391419,0,0,338.022334531428,0,0,453.737038697436,0,0,0,372.63041745732,0,611.209126171398,0,0,289.651138029228,291.751330703194,0,892.906582460651,0,605.007594595909,2350,2360.21739130435,0,0
0,585.771,0,0,1720.29576269039,387.065556241448,0,0,704.22616634394,729.054264360533,0,0,504.289610053427,0,282.310620236707,0,334.109132567112,0,0,336.417865495584,0,0,454.423461054366,0,0,0,373.211465194859,0,612.397242436063,0,0,296.728420199884,294.598132031086,0,911.692060093979,0,603.697727815174,2095.71826717795,2103.9304306447,0,0
0,585.771,0,0,1699.32331014479,382.349129387677,0,0,698.524222143734,735.426856934343,0,0,509.479192517086,0,286.301056632033,0,341.691638409775,0,0,345.303949870493,0,0,467.165025890283,0,0,0,382.214622098371,0,617.791123391979,0,0,293.43015273638,285.276501727972,0,915.815588863983,0,600.78888989942,2067.86119934493,2076.05234686949,0,0
0,586.856642309301,0,0,1679.58454286038,377.624134480576,0,0,673.965706315949,708.254463813498,0,0,490.035294087942,0,274.646163415893,0,325.742359542681,0,0,327.700887950736,0,0,444.147497965882,0,0,0,368.523185491696,0,592.913721021777,0,0,291.798948274094,289.280542745406,0,911.432873634923,0,641.268143035329,2210.93356365895,2222.23658190365,0,0
0,551.581243559673,0,0,1618.86838974628,364.287951256174,0,0,662.079803874771,684.257364286615,0,0,474.1331526557,0,270.873514272399,0,323.251733899229,0,0,324.343415330985,0,0,433.713815202819,0,0,0,357.001749770488,0,576.290652850836,0,0,278.216584627779,277.297427223883,0,860.150152131272,0,597.471188017301,2038.45860998814,2050.6480337263,0,0
0,551.580000042533,0,0,1564.39664166123,351.99283439894,0,0,648.55150502672,678.709657872803,0,0,475.375474756437,0,270.088636777124,0,325.816862695535,0,0,326.887976452067,0,0,439.149315536471,0,0,0,360.484345869206,0,588.478559633794,0,0,291.139090846154,284.076092483711,0,883.174803349574,0,604.875481023766,2134.56733062709,2142.78485387952,0,0
0,551.580000000001,0,0,1600.32748136289,360.071310822107,0,0,661.851684207495,692.448011561329,0,0,483.691150736798,0,270.800531538108,0,322.603975808478,0,0,323.112321409632,0,0,433.671641412811,0,0,0,356.165472510583,0,585.445937834141,0,0,285.082824384402,285.689171723839,0,894.027266826162,0,599.359946293491,2098.79913500526,2107.80831909231,0,0
0,551.58,0,0,1621.33891668362,364.799869651008,0,0,672.016830322021,698.484660379067,0,0,485.594882994612,0,273.112395457073,0,324.94685996938,0,0,327.05020779787,0,0,439.922158751732,0,0,0,361.551107431395,0,592.8197879148,0,0,288.205838850236,285.12612407149,0,879.185710049156,0,621.484807428617,2069.94764910349,2078.22467067992,0,0
0,551.58,0,0,1621.35499044566,364.80487202656,0,0,677.123390757488,706.916794036211,0,0,493.009773232968,0,278.259859961571,0,333.881129181357,0,0,333.250321103085,0,0,454.153518464091,0,0,0,370.374774110024,0,598.20224037683,0,0,291.26223945148,286.998595252285,0,878.930374036977,0,605.825049300908,2146.02578448156,2153.84705748728,0,0
0,551.58,0,0,1582.38483865078,356.039161198013,0,0,659.451573784733,686.997527031101,0,0,483.160920553636,0,275.032765211632,0,331.533759266615,0,0,333.398659105025,0,0,449.687881691545,0,0,0,367.11551159154,0,593.548276930932,0,0,293.97679704324,284.722239317587,0,907.366088245487,0,626.208438157144,2101.49564756758,2112.15735019542,0,0
0,551.58,0,0,1624.32288378801,365.46987999365,0,0,683.967693845237,713.993984807888,0,0,503.488484264031,0,283.526453238536,0,338.86744514604,0,0,337.00346930177,0,0,452.511812717192,0,0,0,367.080621378762,0,599.603261815042,0,0,290.132359174656,293.583402206525,0,919.478149960394,0,643.070500237724,2328.31365508664,2337.70922607372,0,0
0,551.58,0,0,1654.33202810863,372.222725831841,0,0,701.855267301155,729.621338758666,0,0,512.612505178761,0,288.143876380472,0,342.803343320477,0,0,340.912585881561,0,0,458.166246977471,0,0,0,373.649099683035,0,608.14614510615,0,0,292.828641841972,287.472213926101,0,896.673003608654,0,618.733367768349,2051.59111928032,2059.53303596133,0,0
0,551.58,0,0,1639.36646275982,368.858442368318,0,0,699.581003559116,731.920290349305,0,0,516.960561669566,0,292.05312904889,0,348.59783486287,0,0,346.444731648208,0,0,465.632853186561,0,0,0,379.282699625274,0,616.183132057951,0,0,305.81861363725,299.379687016365,0,973.501600386724,0,655.856476220827,2293.73898654785,2302.80019290839,0,0
0,551.58,0,0,1624.36648321581,365.483448734504,0,0,687.787347093015,718.074410723315,0,0,503.567435734504,0,284.980897098234,0,342.886754860205,0,0,344.94795084457,0,0,464.819295676475,0,0,0,380.039090239023,0,623.302012440433,0,0,305.687400107698,302.500385772175,0,982.196206963975,0,710.359140086232,2350,2360.21739130435,0,0
0,551.58,0,0,1615.36189266543,363.457020092166,0,0,689.352178415278,713.564896621856,0,0,500.989882836035,0,282.006278848737,0,338.144005594189,0,0,339.298926641678,0,0,459.935561245851,0,0,0,376.451047850529,0,611.517301557172,0,0,295.963009483128,297.745545043671,0,958.179654714642,0,655.317119173427,2350,2360.21739130435,0,0
0,551.226535062088,0,0,1622.61162988302,364.803447628178,0,0,677.433843362943,733.202426719933,0,0,516.062283078743,0,291.513717189966,0,349.967448358972,0,0,347.625460837879,0,0,466.610681662533,0,0,0,376.728317130575,0,614.635775493056,0,0,294.534069046567,287.385183232199,0,946.226341049768,0,654.333166305592,2185.01088115792,2195.04631310142,0,0
0,515.824244589641,0,0,1512.84863458154,340.437039255735,0,0,608.764855628261,635.183863682062,0,0,461.55903820053,0,266.536654915904,0,326.520839727668,0,0,331.903669782008,0,0,458.92032803033,0,0,0,381.717671801787,0,625.586208703196,0,0,309.97786556845,304.680339282567,0,980.847466701281,0,706.53111419699,2350,2360.21739130431,0,0
0,515.823000042568,0,0,1506.29919153198,338.91774406452,0,0,605.752925486811,632.416567818338,0,0,454.661906602865,0,261.647084887344,0,317.975292763189,0,0,320.710889101693,0,0,436.872745351329,0,0,0,358.871722235003,0,595.626386139982,0,0,295.841332192078,302.094812288034,0,969.112477126697,0,662.5099786832,2350,2360.21739130435,0,0
0,515.823000000001,0,0,1554.25752843602,349.704777994846,0,0,634.576490956559,654.257844848348,0,0,464.209335162444,0,264.382705884357,0,319.570163493173,0,0,320.426227696938,0,0,433.158583915123,0,0,0,358.289868285743,0,583.008961712135,0,0,276.021828937039,274.111373443492,0,842.974246274938,0,602.127766500098,2109.69049620813,2120.42384402006,0,0
0,515.823,0,0,1497.33783852951,336.904771599155,0,0,612.838104396309,648.057580915698,0,0,461.206097136137,0,264.252132466268,0,321.056299550814,0,0,324.136117230235,0,0,440.22531623513,0,0,0,361.567279460494,0,591.663267681021,0,0,280.56896736497,275.934616504263,0,846.611461108831,0,573.16341345195,1893.55391820537,1900.81838300444,0,0
0,515.823,0,0,1560.2460749873,351.051213524272,0,0,625.807851500799,659.070937793598,0,0,466.040731936059,0,261.919713762786,0,314.63524336658,0,0,317.389897371608,0,0,436.363140615896,0,0,0,362.212038666587,0,591.585590117984,0,0,293.756852414242,288.845720342603,0,912.210955574118,0,622.501020499507,2225.6891745784,2233.71764759119,0,0
0,515.823,0,0,1554.29881194404,349.717625989653,0,0,622.422315632113,641.656664818263,0,0,460.155145013851,0,262.327888632697,0,317.944956795496,0,0,318.846562224033,0,0,435.723351016346,0,0,0,359.957467461226,0,577.408764979462,0,0,280.739279161121,275.152772747165,0,873.063782311444,0,617.295573422876,2080.15383339075,2091.70581431795,0,0
0,515.823,0,0,1506.33097721028,338.927636262359,0,0,610.784047982877,636.57063349123,0,0,457.150372537235,0,262.911367371182,0,318.708002860057,0,0,322.174027280181,0,0,441.396177240178,0,0,0,363.407512137246,0,589.565374000789,0,0,284.453172629041,283.649894421417,0,892.154869910465,0,614.064731186518,2170.74881781944,2179.15836171909,0,0
0,515.823,0,0,1560.25295675511,351.053355224949,0,0,635.900952156106,667.29077032614,0,0,473.269219849884,0,268.708581254582,0,320.937055010948,0,0,319.409502207861,0,0,435.929108405954,0,0,0,359.789829079614,0,593.611555794797,0,0,286.915168626792,283.811726649749,0,898.785116186039,0,608.87690600725,2131.67678275175,2140.57445582727,0,0
0,515.823,0,0,1542.30799715724,347.020484554175,0,0,627.517651606542,651.659684492639,0,0,468.288371629629,0,265.524208097617,0,321.629949141433,0,0,323.755749460218,0,0,446.015151891551,0,0,0,372.762837245922,0,615.442314965127,0,0,298.177044860435,294.610692333079,0,913.242259981935,0,621.138266257412,2141.58026455606,2148.48258850614,0,0
0,515.823,0,0,1545.29196288527,347.690494468478,0,0,628.845541901193,660.007854196605,0,0,474.424836201671,0,266.937993042691,0,322.015034499038,0,0,317.916065882147,0,0,434.489453923765,0,0,0,360.108603261603,0,600.013971105519,0,0,285.520030648618,285.057322935803,0,852.545387873733,0,626.735980497071,2104.15288082917,2115.45968001851,0,0
0,515.823,0,0,1524.31031561019,342.971206088584,0,0,617.129018017315,640.818884041366,0,0,463.840550022045,0,264.078884097139,0,321.121482641867,0,0,323.339021867167,0,0,444.220046274996,0,0,0,371.105263042785,0,613.521820396457,0,0,295.461553300973,286.310734464781,0,876.071015912865,0,601.656553838341,2057.02435052551,2064.22076449382,0,0
0,515.797752504435,0,0,1533.5981392363,345.663351927927,0,0,624.012290359878,656.113290759903,0,0,471.215920176834,0,266.555675877122,0,322.604275587651,0,0,322.124225390269,0,0,442.426803420902,0,0,0,362.215658487034,0,594.460247204938,0,0,287.497779187588,289.845301879337,0,892.510383562007,0,630.834937049109,2313.94947557074,2325.53121297679,0,0
0,546.184930935551,0,0,1588.25736185225,357.320902647537,0,0,630.630815947828,655.423941692456,0,0,466.711262665493,0,260.914024244104,0,315.537446338181,0,0,315.366800704217,0,0,435.202109728059,0,0,0,365.720471824067,0,599.298467779286,0,0,290.071287340645,280.10874519675,0,856.985851338633,0,591.058881426377,1956.11789546768,1963.95857557748,0,0
0,546.185999963435,0,0,1579.71010222974,355.435342254506,0,0,628.942057497406,656.629538435586,0,0,468.194772733295,0,265.682940487521,0,323.591711555647,0,0,324.545801916747,0,0,447.23823288051,0,0,0,368.925851039626,0,598.610626165623,0,0,292.55927872404,288.121222168535,0,893.647958557247,0,612.257263679579,2178.38957212782,2188.11909550914,0,0
0,546.185999999999,0,0,1567.7126850465,352.736146012646,0,0,623.819147577523,651.286718514495,0,0,469.328657220617,0,266.842491000964,0,324.273845715775,0,0,325.566476377726,0,0,446.295658781229,0,0,0,366.809799227504,0,591.975714072047,0,0,295.927556063257,298.86732732953,0,933.34957610586,0,650.434633436027,2180.24509399839,2190.05324445687,0,0
0,546.186,0,0,1588.68743848754,357.453288936687,0,0,635.494183767663,662.255787146942,0,0,473.761539704639,0,270.801090075532,0,325.913703511543,0,0,328.435424052982,0,0,448.761507796546,0,0,0,375.437230087864,0,608.433506498846,0,0,291.290672334274,285.269189473124,0,889.063201408907,0,640.257122108926,2226.55579581492,2235.33434390875,0,0
0,546.186,0,0,1585.70578573988,356.78399885365,0,0,630.658160057002,661.9099521382,0,0,467.96207610796,0,263.866634935717,0,318.251700237184,0,0,320.542512733205,0,0,440.429515957995,0,0,0,368.866882295536,0,604.210287614743,0,0,303.564482413734,300.056981790316,0,925.420903212912,0,645.779678210718,2250.59455687075,2259.7183842736,0,0
0,546.186,0,0,1606.68743438899,361.503287661162,0,0,634.945316821753,662.848758409328,0,0,472.115160539831,0,264.192590206831,0,318.747735362007,0,0,317.513145859938,0,0,432.940836294622,0,0,0,361.308682554278,0,580.138029819236,0,0,287.090019632961,278.192804005212,0,889.234767026879,0,614.251160291012,2161.88927671672,2174.49632951933,0,0
0,546.186,0,0,1579.72414798757,355.439713437372,0,0,623.870460660102,650.198669237988,0,0,467.58115807222,0,266.541984853831,0,323.033003266427,0,0,325.713819031511,0,0,441.217975229504,0,0,0,365.382888359102,0,593.854815838779,0,0,297.346761042523,294.536681600873,0,897.599355979972,0,643.621908927844,2220.77990826581,2229.4371905327,0,0
0,546.186,0,0,1594.69203585966,358.804719702045,0,0,636.592001280431,661.079699876828,0,0,470.596087295494,0,267.283977777307,0,323.339770975426,0,0,321.945889538346,0,0,438.520783948503,0,0,0,363.041695018211,0,588.950559110235,0,0,292.802839120475,298.238517537696,0,917.719492069868,0,612.1482836684,2130.35646141889,2139.93370878609,0,0
0,546.186,0,0,1603.6966073459,360.831142411361,0,0,651.059411738454,675.027400324329,0,0,478.723541438096,0,271.005167041906,0,327.46680309579,0,0,327.215648254393,0,0,444.100116200916,0,0,0,366.60000123939,0,601.935277593489,0,0,276.350768213352,279.051251314801,0,883.91543832494,0,623.36044401336,2142.22020181963,2151.05010521618,0,0
0,546.186,0,0,1615.69431478034,363.530428933465,0,0,657.085484587747,691.807666779748,0,0,487.59096554382,0,277.076967535808,0,335.960827749482,0,0,332.030376281074,0,0,455.111730358431,0,0,0,378.405796350358,0,620.082824995693,0,0,301.853279005956,285.13645614534,0,899.827818093788,0,635.09310423427,2150.18699837485,2156.54847648162,0,0
0,546.186,0,0,1576.73333319995,354.767572001641,0,0,628.969992490574,657.874101044259,0,0,458.179718887293,0,264.553153411461,0,326.14195874606,0,0,330.749743060029,0,0,454.530876383627,0,0,0,372.054604219902,0,610.226628109468,0,0,309.694668879771,306.280396755906,0,970.542080699439,0,674.232273020722,2350,2360.21739110395,0,0
0,546.791939893563,0,0,1574.63801639358,354.084007338542,0,0,633.782129317446,660.507464886565,0,0,475.629148305823,0,260.841636451463,0,315.365303977661,0,0,304.353776643524,0,0,418.87714272999,0,0,0,345.424943717117,0,546.663952003244,0,0,267.579015699396,271.304604465683,0,893.58704720413,0,657.186003390635,2235.6154124862,2252.02464323451,0,0
0,513.127185753412,0,0,1476.73940291384,332.30965587313,0,0,597.84764675351,628.397238025242,0,0,456.354115197894,0,269.848051988788,0,334.542418255836,0,0,330.373924193634,0,0,447.115805549782,0,0,0,365.148712070568,0,599.56979895087,0,0,293.006994922247,283.700662441123,0,937.254434559961,0,634.798549523331,2270.76941125923,2277.12072642097,0,0
0,513.126000040556,0,0,1512.19128668158,340.240693286116,0,0,617.196220626044,637.299057886418,0,0,461.458173005064,0,260.233426355332,0,322.1614421144,0,0,318.117573968046,0,0,428.965073329891,0,0,0,355.262687298017,0,583.579698741822,0,0,291.919085674649,293.056444104053,0,931.765510591608,0,679.295295583805,2350,2360.21738952923,0,0
0,513.126000000001,0,0,1509.22077911583,339.574871792152,0,0,620.27406338942,651.068933225125,0,0,472.506912972577,0,267.471466359805,0,323.9618194126,0,0,321.153237425116,0,0,431.468107499467,0,0,0,352.08662272681,0,569.044933525601,0,0,271.003164483234,275.738986186818,0,873.084922772321,0,583.336183411659,2053.07762954251,2063.57015407633,0,0
0,513.126,0,0,1530.20243438506,344.294162659937,0,0,623.361240872455,650.754984436205,0,0,463.122603933935,0,271.426004066952,0,330.113761414651,0,0,330.639814426828,0,0,453.974736163894,0,0,0,377.035282623417,0,603.73126548552,0,0,281.765431363818,273.514886529161,0,880.853676847491,0,624.500436516609,2086.20891150913,2091.15171429129,0,0
0,513.126,0,0,1506.2368527063,338.904874114312,0,0,612.245182733552,642.720960318935,0,0,459.421239691893,0,265.703196866608,0,320.145919627221,0,0,327.049192123206,0,0,462.752996392042,0,0,0,387.813388101755,0,628.856789089361,0,0,317.26765365411,301.503180124417,0,931.18264186546,0,665.091369451071,2305.0367433489,2310.34717754213,0,0
0,513.126,0,0,1512.21392033994,340.247737246879,0,0,609.957263720218,636.785651890263,0,0,460.910608146971,0,265.899160156965,0,321.712624919921,0,0,321.693708950963,0,0,442.113457955096,0,0,0,376.59832952791,0,602.962932731386,0,0,293.953534086312,302.672597135589,0,947.024600861492,0,640.632187558734,2293.92601906409,2308.19601450889,0,0
0,513.126,0,0,1503.22538312324,338.226304622505,0,0,613.426031333735,631.103483080023,0,0,450.987742489683,0,261.827778890741,0,317.013498204573,0,0,327.208695421488,0,0,452.380425639649,0,0,0,373.12392867149,0,618.160827640733,0,0,300.33158348611,294.146466424023,0,935.389836755749,0,625.274334815023,2178.85048966486,2187.54124594233,0,0
0,513.126,0,0,1530.19784655755,344.292734864994,0,0,641.78245773925,672.308938485025,0,0,480.520537515005,0,273.688618671805,0,332.531299719737,0,0,338.019688331161,0,0,472.236945668108,0,0,0,393.87825817511,0,642.230948871578,0,0,320.021432669793,314.900921199142,0,953.729581669841,0,661.849484208465,2267.63108913667,2272.69762965733,0,0
0,513.126,0,0,1524.2230782933,342.950587327767,0,0,632.842878413788,664.195674441987,0,0,486.010793041743,0,275.435593990341,0,329.638147323984,0,0,334.21364831454,0,0,470.21347896337,0,0,0,388.049125515425,0,619.541778952771,0,0,301.777924958397,299.658227797383,0,919.468558678806,0,623.521638328514,2128.17996487584,2140.52388557173,0,0
0,513.126,0,0,1506.23227440734,338.903449284782,0,0,619.183165212439,646.456516056257,0,0,476.100844242249,0,277.023370316359,0,323.37940208772,0,0,326.283229190636,0,0,457.55222313133,0,0,0,379.178142153992,0,633.145835795934,0,0,314.24430079493,313.336568858864,0,969.653630987913,0,655.652297218827,2331.76745722982,2339.50886910316,0,0
0,513.126,0,0,1527.20244121386,343.619164785156,0,0,628.196158685644,651.138688076605,0,0,467.88562324998,0,269.47526651925,0,315.286988504435,0,0,316.078369660975,0,0,425.310232153052,0,0,0,350.5639643428,0,576.301146198728,0,0,290.100222943737,280.346105517655,0,901.915264184137,0,592.547635329679,2091.12016751562,2108.58196326245,0,0
0,514.312632291562,0,0,1486.56667624242,334.184160053934,0,0,610.592656964889,642.190992829204,0,0,462.881036021934,0,266.711150795874,0,321.47277644424,0,0,326.275185247185,0,0,452.393808070016,0,0,0,383.456705691565,0,617.229454603426,0,0,305.783406925556,305.040549885836,0,950.284539382312,0,628.033941069085,2176.37076882447,2180.67794324025,0,0
0,585.420501295881,0,0,1691.79415916836,380.562254057665,0,0,656.126798300723,678.755047057271,0,0,461.079239554479,0,253.426561978295,0,296.655416114616,0,0,301.982707877052,0,0,444.858780475141,0,0,0,373.902286306705,0,617.430531621588,0,0,313.76466053016,312.049345000076,0,962.095752094597,0,624.141342794172,2145.61649111998,2150.61088423297,0,0
0,585.422999914538,0,0,1695.89125776965,381.57527514348,0,0,673.426165340997,703.050525160077,0,0,492.456972221208,0,284.030261405562,0,341.064480662513,0,0,348.928026341765,0,0,490.6533609532,0,0,0,389.019109196897,0,627.587651284131,0,0,289.709280926774,288.690709693452,0,910.719049268247,0,574.082611908981,2079.73528757147,2093.17086821456,0,0
0,585.422999999997,0,0,1719.87588597085,386.970491111867,0,0,682.693414588271,716.19085211959,0,0,502.638908888293,0,288.688147581509,0,342.670883087492,0,0,343.210608899345,0,0,481.077373660974,0,0,0,391.370969968573,0,641.594949111114,0,0,312.25915769589,304.549906137476,0,966.890438098909,0,612.363073606735,2072.41619339883,2078.67412263463,0,0
0,585.423,0,0,1710.9011249346,384.953345824087,0,0,671.408947722644,698.633584993476,0,0,476.721810982371,0,277.688473314232,0,330.906989400986,0,0,329.949755408138,0,0,463.263245105484,0,0,0,394.154891396597,0,641.759100368776,0,0,317.754654782967,316.273144467723,0,988.524253426945,0,633.197582470471,2202.56074760629,2211.22795184574,0,0
0,585.423,0,0,1716.88966352154,386.2997788749,0,0,676.002085928346,708.068404868288,0,0,480.962517258992,0,272.469965363533,0,326.934988087843,0,0,328.293410111511,0,0,455.45511626328,0,0,0,386.819233808171,0,627.007271122933,0,0,308.26151483154,305.314554587722,0,922.542401615145,0,612.921837814169,2107.55437802176,2118.08486609883,0,0
0,585.423,0,0,1704.90342840045,383.604062694304,0,0,667.433420752085,695.654018507382,0,0,483.762233388811,0,273.576105101418,0,331.104726861192,0,0,340.113612545485,0,0,477.380984759659,0,0,0,397.843973505855,0,634.359800292436,0,0,307.750532448033,304.008979047259,0,925.273786835855,0,594.070697160443,2005.44935703825,2013.93121288939,0,0
0,585.423,0,0,1710.88966488992,384.949779300758,0,0,685.341532730129,709.656845813989,0,0,503.091658887063,0,292.291986045168,0,346.38546533009,0,0,347.60682152437,0,0,468.422109074263,0,0,0,376.678068388514,0,609.652819551999,0,0,289.341798587936,290.351893496088,0,930.563089557385,0,622.572638358497,2166.4378561369,2180.84954263975,0,0
0,585.423,0,0,1716.88965671367,386.299776756197,0,0,699.006629837568,728.587154722068,0,0,512.441622595148,0,300.096295964474,0,360.056411634105,0,0,360.999762607623,0,0,483.76869796056,0,0,0,404.02517638507,0,663.086412485706,0,0,323.466291875736,314.462101483704,0,984.995606865408,0,640.983655770051,2248.07089438258,2253.18009997046,0,0
0,585.423,0,0,1731.88277086502,389.672633785506,0,0,708.530030701965,740.846933002151,0,0,528.104793154159,0,303.026923539666,0,364.996911139724,0,0,362.031551992454,0,0,495.690159191125,0,0,0,413.411764705144,0,681.786182604207,0,0,343.415242154239,330.147376461881,0,1028.7391997843,0,687.922295559301,2284.77342430004,2291.11237731294,0,0
0,585.423,0,0,1710.91031014965,384.956204389188,0,0,688.814088237096,723.820024276168,0,0,512.811181638533,0,296.163057373176,0,361.653173319479,0,0,369.333012641756,0,0,495.690159191125,0,0,0,408.282352941176,0,665.345238166742,0,0,328.502751914856,332.836176361385,0,1042.385956583,0,696.555558675261,2350,2360.21739130435,0,0
0,585.423,0,0,1713.89196425931,385.625494896097,0,0,678.34220609985,712.848375825456,0,0,505.315048762581,0,287.114165070022,0,342.59817367336,0,0,348.636701306453,0,0,495.690159191125,0,0,0,407.188235294118,0,654.753118234714,0,0,325.030117183703,322.41325116718,0,1019.43704986783,0,678.292809375939,2350,2360.21739130435,0,0
0,585.52398998226,0,0,1713.2728107886,386.300491504358,0,0,674.538609749205,700.715460438074,0,0,497.764972033562,0,283.677188178489,0,339.371141553875,0,0,338.241299817766,0,0,473.262164478513,0,0,0,385.260923391245,0,638.317051246124,0,0,315.59139806638,317.254635543633,0,1006.30910830186,0,686.623345237877,2350,2360.21739130435,0,0
0,572.808447566763,0,0,1658.50610880013,373.181205307285,0,0,663.767483962681,692.113604543926,0,0,492.134819301737,0,291.648347467695,0,349.681839012751,0,0,354.73605773237,0,0,494.146959195033,0,0,0,405.105764232199,0,664.815566142561,0,0,316.63929459214,307.985024635154,0,979.423978414858,0,696.161548679511,2350,2360.21739130435,0,0
0,572.808000015308,0,0,1679.28206443918,377.837090613669,0,0,690.839063618736,716.538125334379,0,0,528.894484452665,0,308.046678869836,0,370.217537331908,0,0,351.259301755214,0,0,483.456762490199,0,0,0,411.553194343824,0,672.467222542966,0,0,337.117858136445,332.628324394354,0,1063.18780449052,0,681.447443583823,2350,2360.21739130435,0,0
0,572.808,0,0,1661.3117622213,373.796332992318,0,0,679.761668210959,713.198415211588,0,0,517.520096047109,0,302.929487490631,0,364.902050216321,0,0,372.971377520357,0,0,495.690159191125,0,0,0,418.50588229462,0,675.408662727723,0,0,330.999762692158,325.469180562901,0,1002.9200454087,0,678.157333851847,2350,2360.21739130435,0,0
0,572.808,0,0,1637.31637042561,368.397767128802,0,0,665.374909467306,691.192497109109,0,0,493.908722237677,0,291.090693781696,0,349.667481900262,0,0,351.832626383562,0,0,495.690159191125,0,0,0,415.752941176471,0,676.170296092127,0,0,328.958075443554,333.280627614461,0,1000.19436813173,0,678.137843057836,2350,2360.21739130435,0,0
0,572.808,0,0,1625.30719203806,365.694910688515,0,0,661.275970261079,692.723636220306,0,0,491.634178237561,0,287.935080454328,0,349.359388315596,0,0,343.97397604322,0,0,473.547096172421,0,0,0,389.518753387741,0,645.269843399925,0,0,311.207168436613,309.487105870224,0,969.008783071844,0,678.137727593282,2350,2360.21739130435,0,0
0,572.808,0,0,1652.27734792916,371.76062279186,0,0,669.142678093739,702.03902157701,0,0,492.928463187065,0,282.274851447203,0,338.184982678657,0,0,339.827235498185,0,0,469.065941672765,0,0,0,391.323351620794,0,636.812395066074,0,0,312.779233614498,302.65364141796,0,971.448447581861,0,666.172079322563,2350,2360.21739130435,0,0
0,572.808,0,0,1652.29798773158,371.767046181901,0,0,672.444181046218,692.703774235147,0,0,482.502132443214,0,275.20680961304,0,334.237691571788,0,0,343.441305429201,0,0,471.880336508613,0,0,0,388.315755096711,0,643.6905989832,0,0,310.991536666329,309.783588036276,0,987.312406578403,0,680.5427933606,2350,2360.21739130435,0,0
0,572.808,0,0,1670.28422830512,375.812764059372,0,0,699.190380047595,735.755407619176,0,0,529.175403858074,0,307.394809841558,0,368.462456886496,0,0,366.379349256441,0,0,494.868604201005,0,0,0,404.853900807386,0,660.299863638469,0,0,319.32996634526,318.745108554515,0,994.664048196534,0,683.346662753211,2350,2360.21739130435,0,0
0,572.808,0,0,1673.29569653762,376.491333130866,0,0,687.287955992758,716.357751528749,0,0,509.663504771979,0,299.852500837108,0,365.725907961398,0,0,363.974846503227,0,0,495.690159191125,0,0,0,423.576470588206,0,689.221689658963,0,0,330.046128467202,324.008563367691,0,1013.28461134457,0,678.168584932396,2350,2360.21739130435,0,0
0,572.808,0,0,1607.34849481947,361.657764681461,0,0,650.497713753338,680.392969038951,0,0,474.652856230889,0,284.256966365122,0,351.185638330328,0,0,357.823762867447,0,0,495.690159191125,0,0,0,411.011764705882,0,677.894945533141,0,0,332.861398219561,327.835157713356,0,1006.41475413558,0,701.429920879307,2350,2360.21739130435,0,0
0,572.808,0,0,1628.28196302772,366.362059073927,0,0,666.962746443033,695.109014813726,0,0,496.476232269373,0,290.681574278877,0,350.318587732341,0,0,347.777539463514,0,0,495.690159191125,0,0,0,424.376470588235,0,694.266287788474,0,0,339.080233924339,335.765741746301,0,1000.11564612417,0,678.493691204769,2350,2360.21739130435,0,0
0,573.843147318171,0,0,1605.46789808723,360.972761619607,0,0,656.776966453564,686.880161917961,0,0,493.563870617475,0,294.542101663436,0,345.263471764611,0,0,340.091757012884,0,0,495.690159191125,0,0,0,418.776470588235,0,674.140531347089,0,0,321.520009846333,319.897153673957,0,953.712787200198,0,647.927907870802,2350,2360.21739130435,0,0
0,640.665651691174,0,0,1831.52383660062,412.004754669814,0,0,737.173089679093,754.080595141848,0,0,533.907772302389,0,306.43063046969,0,364.810970084465,0,0,342.957763646767,0,0,495.690159191125,0,0,0,434.894117647059,0,733.269340671153,0,0,342.99066778502,339.157566833954,0,995.473850580952,0,666.84489015331,2350,2360.21739130435,0,0
0,640.667999919682,0,0,1874.5501960407,421.770966066888,0,0,777.505993518003,811.646478300535,0,0,570.081941425434,0,294.498153550488,0,336.187186245409,0,0,351.321664918044,0,0,495.690159191125,0,0,0,415.294117647062,0,712.999522203952,0,0,355.618780895499,345.344022537064,0,1028.09889632696,0,701.889364913065,2350,2360.21739130435,0,0
0,640.667999999997,0,0,1835.61281916778,413.01545513464,0,0,756.471176130853,795.649259196115,0,0,504.567672246204,0,281.001083431741,0,346.202383414527,0,0,360.083088789688,0,0,495.690159191125,0,0,0,419.047058823529,0,697.916410466517,0,0,336.204538002882,335.34427919487,0,1004.7217997092,0,687.898429146689,2350,2360.21739130435,0,0
0,640.668,0,0,1826.58990355795,410.983323482068,0,0,748.261195205163,778.867390189409,0,0,486.383229357188,0,287.958243321694,0,342.868767106565,0,0,343.568611005112,0,0,495.690159191125,0,0,0,410.435294117647,0,687.100893793301,0,0,352.208666374594,350.698138446938,0,1054.39073818603,0,678.195549851012,2350,2360.21739130435,0,0
0,640.668,0,0,1817.58988994487,408.958319245491,0,0,741.006414587212,777.123319789034,0,0,492.603669786685,0,276.341818093056,0,335.171391351761,0,0,349.867499696875,0,0,495.690159191125,0,0,0,414.858823529411,0,690.219286177364,0,0,329.363377974934,327.11703827433,0,1008.14824279759,0,678.138069451552,2350,2360.21739130435,0,0
0,640.668,0,0,1823.57841353046,410.304747627675,0,0,724.765699483383,762.475608998881,0,0,495.836491035054,0,288.924872829822,0,352.193603553712,0,0,363.971050112059,0,0,495.690159191125,0,0,0,407.164705882353,0,687.348472000156,0,0,336.266322827501,326.085471098298,0,978.60570608673,0,678.137728934451,2350,2360.21739130435,0,0
0,640.668,0,0,1844.56693030654,415.026173890646,0,0,729.878399985641,694.903956562161,0,0,506.708205268948,0,299.206404771184,0,366.028128301973,0,0,375.426847172215,0,0,495.690159191125,0,0,0,410.352941176471,0,689.345237579508,0,0,338.381965197801,344.448834332644,0,949.41818489775,0,678.137726917209,2350,2360.21739130435,0,0
0,640.668,0,0,1829.59446686009,411.659743644378,0,0,691.011079404478,731.413245271293,0,0,527.984391641506,0,309.166423248957,0,376.751361083481,0,0,372.471268350249,0,0,495.690159191125,0,0,0,407.682352941176,0,677.419529748407,0,0,328.655173635103,322.71473292332,0,1002.22760061274,0,678.137726905259,2350,2360.21739130435,0,0
0,640.668,0,0,1850.56693984306,416.376176858543,0,0,718.884077288615,757.971824337229,0,0,536.941729419048,0,311.005812243437,0,369.098322031591,0,0,361.49458970851,0,0,495.690159191125,0,0,0,415.941176470588,0,676.362293401258,0,0,331.631737968492,325.655354956832,0,978.347524239496,0,678.137726905188,2350,2360.21739130435,0,0
0,640.668,0,0,1838.59217158448,413.684029323081,0,0,730.896107976389,763.937492514725,0,0,541.151793746577,0,304.285951757872,0,364.567197669243,0,0,351.667179755351,0,0,495.690159191125,0,0,0,421.541176470588,0,702.73476156138,0,0,330.191705001341,330.266036459605,0,957.493186964584,0,678.137726905187,2350,2360.21739130435,0,0
0,640.668,0,0,1829.5898912922,411.658319664798,0,0,729.0891048588,760.739576149601,0,0,532.082609012397,0,302.212327620924,0,362.579400928366,0,0,368.920689799175,0,0,495.690159191125,0,0,0,408.717647058824,0,675.499534560034,0,0,328.044396781159,326.351390709824,0,1019.32025549786,0,678.137726905187,2350,2360.21739130435,0,0
0,639.759090159655,0,0,1806.35081582835,406.936176535463,0,0,729.267964902454,768.612737401637,0,0,528.988980723356,0,307.309624369314,0,371.741242148838,0,0,371.617858603729,0,0,495.690159191125,0,0,0,417.447058823529,0,687.201114866805,0,0,327.807551892284,319.989654661625,0,957.870756282147,0,678.137726905187,2350,2360.21739130435,0,0
0,522.178134264428,0,0,1504.24570105533,338.603892422579,0,0,623.974336921971,663.758283321565,0,0,541.213161278002,0,312.337787485414,0,379.919833635933,0,0,366.554894437765,0,0,495.690159191125,0,0,0,403.858823529412,0,663.614769567036,0,0,327.92464220838,321.602969656425,0,976.970022240361,0,678.137726905187,2350,2360.21739130435,0,0
0,522.174000141403,0,0,1511.45074890546,340.075922487339,0,0,616.589911729118,646.039653173236,0,0,548.179386906503,0,317.544502617801,0,375.710092687865,0,0,371.361838618394,0,0,495.690159191125,0,0,0,408.176470588235,0,680.169293178285,0,0,334.444108456997,326.066129288897,0,976.281875895513,0,678.137726905187,2350,2360.21739130435,0,0
0,522.174000000005,0,0,1505.46108714854,338.729140083631,0,0,615.159988582452,642.236778759371,0,0,499.05192793499,0,309.107050972626,0,372.262289908648,0,0,373.728069213766,0,0,495.690159191125,0,0,0,410.188235294118,0,666.033118197499,0,0,326.450523768102,328.478330618392,0,994.020015169394,0,678.137726905187,2350,2360.21739130435,0,0
0,522.174,0,0,1547.42436878729,348.16771282522,0,0,639.314178956482,667.375682452198,0,0,471.30375734122,0,308.420423948644,0,381.741661744608,0,0,371.024547312366,0,0,495.690159191125,0,0,0,408.258823529412,0,671.218352417147,0,0,333.34838002675,309.957432687416,0,963.400119352543,0,678.137726905187,2350,2360.21739130435,0,0
0,522.174,0,0,1487.50238653768,334.691993020866,0,0,602.810976837502,634.096189001916,0,0,448.749228699244,0,271.603963107058,0,331.984376305584,0,0,335.518046410192,0,0,495.690159191125,0,0,0,415.505882352941,0,663.08464844876,0,0,320.184243278308,304.158195800837,0,957.541638420095,0,678.137726905187,2350,2360.21739130435,0,0
0,522.174,0,0,1502.44505085269,338.04914936808,0,0,605.595748657383,634.549604379592,0,0,456.716393183036,0,272.537907012568,0,328.803299989354,0,0,322.900617212348,0,0,441.222720962264,0,0,0,375.048419257537,0,624.177802070817,0,0,313.760287680819,292.958877082739,0,943.943704807972,0,678.137726905187,2350,2360.21739130435,0,0
0,522.174,0,0,1487.46796960493,334.681281998612,0,0,593.986013300572,621.311777969746,0,0,451.678096921337,0,270.538207146487,0,336.048756573771,0,0,336.742325544783,0,0,447.477982122959,0,0,0,369.867134665335,0,599.129372822822,0,0,280.542882203934,312.271881250067,0,998.874983165853,0,678.137726905187,2350,2360.21739130435,0,0
0,522.174,0,0,1517.43355400089,341.42057138987,0,0,605.153572957081,629.399567167952,0,0,455.582370014856,0,262.680087587079,0,321.841956183705,0,0,323.712480337398,0,0,429.312611268651,0,0,0,363.289002327526,0,596.387052944713,0,0,287.553078948793,284.615834590133,0,1011.69512380948,0,678.137726905187,2350,2360.21739130435,0,0
0,522.174,0,0,1496.47255333773,336.707708519225,0,0,597.943299689365,623.120943371548,0,0,443.874255568707,0,262.803239289451,0,322.981637422647,0,0,322.533816964787,0,0,430.153237863891,0,0,0,357.870187257428,0,582.302887007348,0,0,284.218883476932,276.043480263061,0,875.714208894427,0,678.137726905187,2350,2360.21739130435,0,0
0,522.174,0,0,1496.45650953653,336.702715467898,0,0,602.679055401212,630.362939693675,0,0,448.62365536026,0,259.140665233689,0,316.05661898314,0,0,317.224142841494,0,0,422.114422198469,0,0,0,350.602716036147,0,587.969927871589,0,0,288.784931559764,294.455465366168,0,912.699393708177,0,678.137726905187,2350,2360.21739130435,0,0
0,522.174,0,0,1490.4610905682,335.354141147883,0,0,589.129983067207,615.061474150641,0,0,428.063646785094,0,245.61714735972,0,297.229967488661,0,0,301.942240781103,0,0,408.806286961802,0,0,0,336.495791970901,0,550.698135337243,0,0,275.838852657385,269.368332521575,0,843.291717368959,0,678.137726905187,2350,2360.21739130435,0,0
0,519.144300532182,0,0,1487.93407002514,335.352713348692,0,0,579.748885928109,616.917752599043,0,0,432.593849331829,0,249.673482062661,0,301.317894526431,0,0,297.214153047991,0,0,400.011876318995,0,0,0,332.481206574923,0,527.407790363178,0,0,260.989726951867,259.323563725078,0,845.732777579235,0,568.551892329736,2020.8820290133,2082.06347350854,0,0
0,410.295822000033,0,0,1235.06520450756,278.025689020129,0,0,509.208153774681,529.267255474569,0,0,384.562514457965,0,233.029373202494,0,283.314949269211,0,0,279.46154135403,0,0,388.991997489555,0,0,0,325.445865751705,0,524.736722554998,0,0,260.321864193049,256.609815203139,0,848.383491520067,0,610.127429687273,2048.91809841412,2057.67259021878,0,0
0,410.292000130722,0,0,1197.45558299617,269.429970242594,0,0,499.999134883846,522.059879097945,0,0,380.305388657694,0,221.252897096079,0,267.164092575547,0,0,265.582427342618,0,0,369.066919688077,0,0,0,310.664276035724,0,516.394057029739,0,0,262.197546183489,262.754961805794,0,843.23589326053,0,613.392373849093,2122.14630240324,2132.04282789016,0,0
0,410.292000000004,0,0,1164.452265076,262.003937838708,0,0,478.915684436311,501.207689020269,0,0,368.664128261715,0,216.101205446192,0,264.392821716549,0,0,269.938618169387,0,0,378.255433563323,0,0,0,325.879413573059,0,528.085475089282,0,0,264.896217435451,256.29150756772,0,834.614817707293,0,595.664664253899,2035.97595282605,2043.07462287823,0,0
0,410.292,0,0,1167.42471972752,262.67036534788,0,0,477.292755221829,497.122802404487,0,0,356.039613689257,0,217.903045223311,0,267.890314423407,0,0,272.321277107007,0,0,360.819399711683,0,0,0,303.190610147265,0,501.5313111486,0,0,254.149659759623,256.666532851294,0,822.629493653488,0,595.745978786096,2196.19685320247,2211.08915486797,0,0
0,410.292,0,0,1179.41781752034,265.36821728619,0,0,486.149906583516,511.018945585325,0,0,363.269550500761,0,208.182634967844,0,252.428875370246,0,0,253.321752363957,0,0,342.36485888445,0,0,0,280.0679721087,0,471.375001606108,0,0,239.13829628963,239.501097970265,0,764.571834096353,0,527.535680341365,1785.95221982886,1795.59323218462,0,0
0,410.292,0,0,1197.41322285753,269.416787364008,0,0,485.774933983911,511.783707232674,0,0,368.26702397751,0,208.606826593543,0,254.879903170403,0,0,249.342499418962,0,0,341.446816961379,0,0,0,287.116905523622,0,456.472520653103,0,0,228.116761032564,226.48112918414,0,710.431923490086,0,513.315567277812,1836.39176502472,1845.11336999516,0,0
0,410.292,0,0,1176.44305878451,264.701072714339,0,0,463.642733904223,484.077169529916,0,0,345.684389279959,0,195.284250046953,0,234.532136127906,0,0,241.008982709289,0,0,331.763992762384,0,0,0,280.803182276784,0,469.521145378781,0,0,234.289314777414,227.112003783415,0,697.647236754455,0,488.941340538884,1631.89862968823,1637.65657178898,0,0
0,410.292,0,0,1173.42930482103,264.021792291965,0,0,468.006168447799,486.271354621564,0,0,354.23959611338,0,205.440673127068,0,247.787623636866,0,0,243.909025017486,0,0,322.749690831313,0,0,0,265.594036632898,0,436.939199962195,0,0,224.753259029579,225.335095292288,0,705.163828910944,0,506.521046763574,1795.23878771144,1808.16443214959,0,0
0,410.292,0,0,1200.40634383779,270.08964651857,0,0,477.195239553804,500.479896398157,0,0,354.109705423387,0,200.635075558877,0,237.322619571335,0,0,238.106914984286,0,0,321.954145581587,0,0,0,273.601879697563,0,450.460765079686,0,0,224.422245454888,224.838016827559,0,723.261234334873,0,492.513100154725,1677.58384001719,1681.78403601945,0,0
0,410.292,0,0,1182.44075941675,266.050357119504,0,0,467.867717481552,490.815131105057,0,0,357.748433687848,0,203.023246681576,0,247.624757292328,0,0,244.310080490755,0,0,326.689164773529,0,0,0,269.508163316555,0,448.819696648054,0,0,217.021012008984,215.187525118637,0,705.730948225861,0,497.596445350882,1795.89239902498,1805.76739467431,0,0
0,410.292,0,0,1176.43159873635,264.697506189924,0,0,462.184261022404,482.530149287404,0,0,353.525251675897,0,199.511788240104,0,243.37135077623,0,0,255.715085025357,0,0,344.40777839233,0,0,0,282.204182898892,0,470.752384635166,0,0,228.031180985817,224.313158000921,0,731.942053147951,0,490.06183406008,1647.07074883999,1651.1317247216,0,0
0,409.40833765522,0,0,1189.07584752906,267.393218557962,0,0,469.676434968775,490.322681627004,0,0,359.36899526056,0,199.077430051304,0,239.633461845905,0,0,229.443228557064,0,0,313.704352914283,0,0,0,263.877114085224,0,433.040342022057,0,0,213.669637782977,213.780783043059,0,701.440697101905,0,530.852452708534,1798.86402729286,1809.16441315953,0,0
0,341.651381543799,0,0,1018.36783376103,229.218318725483,0,0,417.945554030846,437.799358588344,0,0,320.191205228977,0,188.328353340774,0,239.240093010115,0,0,242.58665605633,0,0,329.686601539442,0,0,0,273.175525293552,0,457.546077463922,0,0,212.783522229017,210.409612847311,0,693.092760703264,0,476.834554467019,1673.86054602364,1681.33121235834,0,0
0,341.649000081455,0,0,1008.3452891683,226.87833993154,0,0,417.264412296335,434.474093621676,0,0,318.734497924292,0,179.915644382593,0,220.743261183224,0,0,221.27644960603,0,0,307.201861441246,0,0,0,261.483701170599,0,439.942715513681,0,0,227.722665602595,226.556247946918,0,752.905220898562,0,548.925363160838,1888.54044701898,1895.36554816673,0,0
0,341.649000000003,0,0,1026.32398279248,230.921709205898,0,0,417.630176024731,440.640601897408,0,0,316.177833696945,0,178.189351964562,0,215.54799931431,0,0,218.375927205002,0,0,294.523680660468,0,0,0,246.368344993886,0,408.083770184677,0,0,199.31322508133,195.164500514099,0,648.97333165525,0,468.439452560316,1683.74552646411,1695.71736911928,0,0
0,341.649,0,0,993.362989915476,223.508848758415,0,0,394.842603022454,415.767317614828,0,0,303.328852040368,0,179.778626182182,0,223.880746279477,0,0,225.105340785419,0,0,309.883321912917,0,0,0,252.473028110069,0,415.25733229472,0,0,202.12999591539,204.29121535984,0,660.056148943967,0,455.561410173446,1608.64066207921,1615.06243406918,0,0
0,341.649,0,0,1014.32169802498,228.220998154868,0,0,399.500476937804,414.71239517773,0,0,294.947352696007,0,167.573504253148,0,206.489558742236,0,0,213.242829007306,0,0,306.405567062083,0,0,0,255.860168350138,0,426.028715670626,0,0,203.509270152164,201.036949420668,0,634.268027014939,0,452.795564107321,1531.79029633999,1535.67264855144,0,0
0,341.649,0,0,996.351512151876,224.180276720714,0,0,396.097484623847,412.389038663705,0,0,293.674325947892,0,173.266283817787,0,213.377715853193,0,0,212.079278022662,0,0,290.06975961227,0,0,0,243.356776920596,0,393.69710119877,0,0,188.473496423247,184.962681328826,0,575.388681198417,0,416.065871463168,1489.7647021464,1500.67442414223,0,0
0,341.649,0,0,984.346939300504,221.47885358655,0,0,384.768437342747,400.551803533855,0,0,278.450371688806,0,156.954365267701,0,191.50056956594,0,0,202.071945810634,0,0,274.903373702929,0,0,0,237.926404424396,0,396.718825572697,0,0,193.821398511622,192.238403622393,0,602.772747635898,0,424.872875355241,1384.88166878007,1390.96004996576,0,0
0,341.649,0,0,1026.30562152121,230.915994926054,0,0,411.456100225089,432.989821505489,0,0,313.702475708466,0,176.056008402766,0,208.487370058344,0,0,202.930187654154,0,0,271.948176153528,0,0,0,213.982435619135,0,357.945561285524,0,0,176.440910097827,175.332913023831,0,601.625466877343,0,421.665906222446,1543.67371041064,1554.51674291089,0,0
0,341.649,0,0,1032.33314035146,232.274559164053,0,0,403.989845484625,422.92159718632,0,0,293.434699313875,0,169.403979147938,0,208.263708449682,0,0,204.060883568294,0,0,287.600593345924,0,0,0,242.428287398951,0,388.969820828513,0,0,190.976217123874,187.789403446144,0,628.011345414526,0,439.292582570652,1491.46578676392,1492.91737901976,0,0
0,341.649,0,0,1014.35151894922,228.23027883614,0,0,389.7149486911,409.223667104123,0,0,278.458393691587,0,158.282725205799,0,197.429265796229,0,0,199.000966714465,0,0,271.72224588522,0,0,0,223.686705355274,0,373.720830061283,0,0,183.058372201006,182.973338383486,0,590.92900201184,0,441.263892070866,1528.04385431101,1538.32573805606,0,0
0,341.649,0,0,1023.33087233568,230.248853326387,0,0,398.029854574007,410.864581023991,0,0,289.700541040271,0,159.78222927539,0,195.508517939929,0,0,195.972089010038,0,0,286.015914387412,0,0,0,235.735859739139,0,390.966071864355,0,0,189.692465352843,184.613201923402,0,572.89635953493,0,404.172822333021,1418.81261811803,1421.01791268604,0,0
0,341.068307602001,0,0,1007.39877150597,227.553849770716,0,0,398.863145652835,421.096589128054,0,0,308.75450418676,0,169.865748437949,0,209.405072636011,0,0,209.479342353485,0,0,281.394045149571,0,0,0,237.594695432415,0,385.154748870933,0,0,186.549039563063,186.604068807918,0,592.305682626215,0,412.828644999728,1428.48730927098,1436.99735827922,0,0
0,318.942776978329,0,0,967.086868705493,217.621277352535,0,0,385.035720899376,400.094078303011,0,0,288.641547218032,0,166.075800390967,0,207.889326832224,0,0,220.686932249803,0,0,300.498439730981,0,0,0,240.829371832603,0,392.366683562608,0,0,187.800153691407,180.01018540966,0,637.417726662662,0,400.560063135351,1408.52998869195,1414.11338348633,0,0
0,318.942000026575,0,0,921.799134229879,207.407791111828,0,0,366.3168536493,382.50843376337,0,0,270.324888039743,0,157.825087541082,0,198.544310364505,0,0,203.040504721753,0,0,298.462684995185,0,0,0,251.266173029863,0,409.037794901038,0,0,196.531228138021,200.927113256081,0,742.186581530977,0,508.896468576215,1703.8661571153,1707.26055468867,0,0
0,318.942000000001,0,0,903.778292262608,203.351304841586,0,0,351.747786697023,368.42001172315,0,0,254.848966611289,0,145.609199974112,0,184.05961838232,0,0,190.119835027309,0,0,294.298523569539,0,0,0,249.035775897371,0,410.520380768075,0,0,203.841754069754,200.985312083921,0,712.888014531408,0,477.540955550786,1775.35044860811,1781.11945351414,0,0
0,318.942,0,0,906.762212912064,204.021300726817,0,0,358.122633956736,375.041151893532,0,0,271.068561057178,0,154.909161343045,0,191.687616322094,0,0,192.483360760022,0,0,276.182333895653,0,0,0,223.287608407257,0,360.246495432688,0,0,177.220929458276,174.963959676123,0,618.823840676238,0,440.122741955764,1431.34093524452,1444.88346069653,0,0
0,318.942,0,0,912.759908078818,205.370583431049,0,0,354.734105237263,373.83061909116,0,0,268.918365925618,0,146.351549056188,0,178.37207160567,0,0,188.873054687699,0,0,264.96210939753,0,0,0,218.153752501906,0,366.669386168708,0,0,180.48725624174,177.17107323929,0,624.10697914592,0,409.11910607125,1491.77407905653,1498.0690555514,0,0
0,318.942,0,0,897.775973678486,202.000583266358,0,0,337.125753052365,351.983691640698,0,0,246.625564040283,0,140.845084008324,0,169.495119088656,0,0,178.527796818869,0,0,254.972630110408,0,0,0,208.98670214208,0,334.426198224454,0,0,169.550832626422,168.712214069326,0,612.088306963426,0,448.622683804464,1421.21422671463,1429.67192186015,0,0
0,318.942,0,0,906.757620972172,204.019871652043,0,0,346.689712147575,360.763438274331,0,0,255.374615610723,0,147.805348530276,0,177.085805594294,0,0,176.577985563964,0,0,258.005477103524,0,0,0,210.074454679431,0,341.263569332171,0,0,167.967576608001,163.740622446021,0,575.061277135696,0,410.319524242219,1557.27912830504,1563.63737217587,0,0
0,318.942,0,0,912.759905350965,205.370582582104,0,0,346.023939645806,363.571207800822,0,0,254.388663763236,0,144.808746884672,0,173.372568703471,0,0,180.855693417217,0,0,253.690758891316,0,0,0,211.512467579338,0,341.268747108505,0,0,169.285001134876,168.388226992704,0,558.905391625881,0,418.490184159738,1314.94911260158,1320.98754174376,0,0
0,318.942,0,0,924.755316145475,208.069154358314,0,0,351.264881910291,365.535020308973,0,0,259.138615854742,0,146.083984322593,0,174.043318048368,0,0,175.493216505654,0,0,253.170213861027,0,0,0,204.443423393343,0,327.668774163773,0,0,165.124448390907,170.460588632774,0,571.785653418661,0,404.298482727526,1493.4685490703,1500.76011782978,0,0
0,318.942,0,0,906.778266231901,204.026296740473,0,0,338.762144998735,358.360912513183,0,0,250.176156793085,0,143.47864320911,0,172.621483281541,0,0,172.898036311679,0,0,250.694727870364,0,0,0,203.231707225093,0,337.569739919448,0,0,165.774195150363,159.311112839401,0,537.763850293219,0,379.755465725937,1342.18546033601,1347.80528780786,0,0
0,318.942,0,0,918.755327052803,206.719157752824,0,0,335.676253390028,348.094534800138,0,0,238.253161017937,0,135.625886020131,0,166.963746046606,0,0,172.419994214322,0,0,242.56824859573,0,0,0,198.425211520537,0,328.06046700228,0,0,167.572343727169,166.889443251592,0,530.930263966239,0,387.49344582424,1305.17107700589,1312.66336879357,0,0
0,317.831110195133,0,0,917.101182320369,207.39629648107,0,0,339.920924691143,354.872550705853,0,0,241.051091279297,0,134.846165270587,0,160.900306021732,0,0,160.888983000338,0,0,241.042212127878,0,0,0,206.872534413821,0,321.918195710958,0,0,173.288103244687,170.77254206873,0,545.920273243205,0,384.833155294757,1314.30645239906,1317.85785080769,0,0
0,253.694253648477,0,0,700.341407706666,157.661195972442,0,0,276.740005560653,288.054687763083,0,0,206.870830927123,0,126.706851659636,0,156.062987799765,0,0,156.975535467031,0,0,225.711103902672,0,0,0,187.011590603999,0,307.478837679499,0,0,158.926722700395,156.782523095189,0,504.723119827857,0,380.848728128215,1349.36101187832,1358.75196251049,0,0
0,253.692000077081,0,0,708.320755944978,159.371631659076,0,0,281.157648173405,297.013291600015,0,0,210.604665974648,0,123.261325993564,0,147.555113025125,0,0,147.288618648379,0,0,203.695324678058,0,0,0,176.192703959725,0,292.278176325365,0,0,159.081733521644,152.355759605658,0,494.087630722035,0,359.591009423049,1212.41869076881,1218.87283997746,0,0
0,253.692000000003,0,0,699.33388213584,157.350716815209,0,0,272.323077984081,283.153939994094,0,0,204.257618193758,0,116.035645946405,0,144.850491849679,0,0,151.198063217627,0,0,205.092675911446,0,0,0,169.309921132391,0,278.930314663031,0,0,145.338819816312,150.489706626922,0,481.852314391635,0,352.468917658926,1297.61170693813,1306.02325436354,0,0
0,253.692,0,0,711.317822963288,160.045718980111,0,0,272.755092015207,288.234780419098,0,0,202.777451457339,0,109.826616297785,0,132.134060966618,0,0,133.251679651462,0,0,179.942328040641,0,0,0,154.37779568498,0,260.253320141079,0,0,134.554453585151,137.953082781938,0,426.437646352662,0,319.300010860486,1099.6522411558,1106.00629133026,0,0
0,253.692,0,0,711.326994548358,160.048573303374,0,0,267.256610762593,281.347874870075,0,0,193.145969103457,0,109.898201882175,0,130.472995311252,0,0,134.454161178131,0,0,183.482276365102,0,0,0,156.790154995204,0,254.034996772351,0,0,123.767466351717,120.427314208999,0,373.035537459556,0,302.517552159371,939.169449561795,943.425649590735,0,0
0,253.692,0,0,708.329295278027,159.374289322052,0,0,260.203420122948,273.989236303398,0,0,184.424594386811,0,104.348012224797,0,124.153147710034,0,0,124.495052671873,0,0,175.979622026934,0,0,0,142.932616519037,0,240.779469688623,0,0,113.118472682179,115.620604612433,0,368.438989404183,0,284.61692792773,1113.95331761567,1120.00504231096,0,0
0,253.692,0,0,690.34077305111,155.327861362705,0,0,244.129775226945,256.066766796807,0,0,168.689236935998,0,96.6656618384353,0,120.176398216299,0,0,122.353694962443,0,0,179.909098535573,0,0,0,146.166635083639,0,235.320183003235,0,0,113.000231428444,109.559658545401,0,352.497200073943,0,271.318629316234,887.652332624849,891.515789165208,0,0
0,253.692,0,0,711.310941213058,160.043577284905,0,0,255.378716864558,266.581235823864,0,0,178.641005000579,0,95.8295436797247,0,115.448183081976,0,0,114.956114935166,0,0,149.986656208598,0,0,0,123.983834080976,0,199.640769994804,0,0,104.144760871849,107.030971586252,0,341.347535630342,0,262.144486366052,991.06891675744,999.660137062912,0,0
0,253.692,0,0,699.336171585299,157.351429323334,0,0,251.601135353835,263.857072696992,0,0,182.096628218225,0,101.860744210103,0,126.968351522301,0,0,127.308274112196,0,0,167.720977716271,0,0,0,138.001945895824,0,208.609104716362,0,0,97.6251615437357,94.4936986406088,0,287.527948637524,0,219.9906498462,740.442424974853,743.912861090538,0,0
0,253.692,0,0,699.327005448404,157.348576695618,0,0,245.762468914592,257.74202562183,0,0,173.972526046821,0,98.9837024172804,0,122.246013141946,0,0,121.032857829189,0,0,166.709133478482,0,0,0,131.024841140084,0,216.390086456305,0,0,108.037516553888,105.827385277852,0,315.206234110172,0,223.882865720187,818.406496215533,820.548200540905,0,0
0,253.692,0,0,702.324704721971,158.022860677947,0,0,242.575148101371,254.409569281458,0,0,167.918758681519,0,92.7018832961184,0,113.772002962547,0,0,117.976939275747,0,0,153.469638613587,0,0,0,128.414167422652,0,206.514072661577,0,0,105.050893397545,102.258649655567,0,328.890436990601,0,210.577760157561,744.273099648126,749.066127999559,0,0
0,253.591010017739,0,0,695.234879328627,156.675003221775,0,0,241.632393613413,252.273973823889,0,0,173.210660430303,0,93.3449664637303,0,109.911893600283,0,0,109.659697360501,0,0,142.358269531682,0,0,0,115.424245163433,0,186.846779665924,0,0,94.2975291011653,98.8409250076258,0,312.135593196942,0,233.483727838877,793.053179779696,797.989184496295,0,0
0,173.132830233474,0,0,490.190161460035,110.394332757856,0,0,187.432085666649,197.416333691877,0,0,144.458657397174,0,90.5563975225702,0,114.094957337127,0,0,114.827709118273,0,0,147.46420310848,0,0,0,115.552318972734,0,183.585514683009,0,0,89.8494431287965,84.7713669500792,0,254.005467916193,0,198.412759288957,644.754229024581,648.639115038269,0,0
0,173.130000096801,0,0,488.968275525766,110.017928722123,0,0,179.962811438479,189.04883601717,0,0,125.384056648732,0,71.5786397428835,0,87.797570274099,0,0,89.5843153691196,0,0,122.61601178655,0,0,0,104.577058646361,0,175.014224329431,0,0,92.2136695248412,93.8714659455152,0,280.14321351425,0,218.436293792113,761.340406872881,764.263708545279,0,0
0,173.130000000003,0,0,479.974386306183,107.994830613076,0,0,175.268585891977,184.161035191044,0,0,125.20621559896,0,74.9394971257864,0,90.3721934596959,0,0,89.2569584682266,0,0,112.281418186319,0,0,0,93.1097726075149,0,149.693849118113,0,0,77.2535630522637,77.8952604624094,0,240.267816435572,0,184.789197337383,682.932312525776,689.538988827381,0,0
0,173.13,0,0,482.965208809562,108.666974450062,0,0,175.579236045316,183.299852252347,0,0,125.237608697994,0,70.7389065301789,0,84.9444497542839,0,0,87.2171535569374,0,0,121.870926469988,0,0,0,100.845294919227,0,166.581068797405,0,0,85.6249393874241,84.9355276306367,0,252.237586797215,0,178.766648921766,634.31386230588,634.230279722252,0,0
0,173.13,0,0,479.969793920178,107.993401399471,0,0,172.959324272042,180.574412999565,0,0,123.115296161369,0,68.2801476335731,0,80.2044440571298,0,0,81.6452868610942,0,0,108.48249231068,0,0,0,90.3582315968887,0,149.563270313192,0,0,76.0518702429875,76.8049849786445,0,239.526406001385,0,169.091241491303,592.228323478623,596.817440228436,0,0
0,173.13,0,0,473.97209192524,106.644116570214,0,0,169.583783132105,178.221223335051,0,0,123.629343096715,0,68.0636498263865,0,80.2916154234583,0,0,79.3705100681723,0,0,104.697288341752,0,0,0,83.366971569923,0,136.809538046262,0,0,65.8361683943371,65.8076902354772,0,208.173376825765,0,149.61313490569,541.633371652465,545.462890393751,0,0
0,173.13,0,0,476.965207446579,107.316974025883,0,0,169.900728531226,177.371487413469,0,0,123.390201505149,0,68.7179947197226,0,77.583768587876,0,0,79.6002169702557,0,0,105.040452755362,0,0,0,85.6305342883453,0,138.132366344161,0,0,65.524547621808,65.4095502182801,0,212.19678823884,0,142.104577700291,478.49888154991,479.732916491711,0,0
0,173.13,0,0,482.962908075572,108.666258430039,0,0,171.042565710994,179.724667196785,0,0,121.397656105166,0,69.3364247508087,0,80.6174423611916,0,0,79.6321712912903,0,0,105.84577800872,0,0,0,86.3739375493745,0,137.772854052039,0,0,68.1408720682795,64.8697850321167,0,212.363216557327,0,149.520208001761,535.886925525067,538.552265195383,0,0
0,173.13,0,0,473.974383115952,106.644829620237,0,0,165.163066200046,173.610866952286,0,0,117.890875630117,0,65.4383771341475,0,75.5137396546754,0,0,74.154495184667,0,0,101.23887727532,0,0,0,79.0405452755816,0,130.594199926428,0,0,64.4648668592969,66.0322561021192,0,204.840973290709,0,147.559170084746,498.84587904335,501.562139755419,0,0
0,173.13,0,0,488.956027682605,110.014117157232,0,0,165.261669998388,173.674789278619,0,0,113.129707138659,0,61.3192603370019,0,71.001824395141,0,0,66.5378656249292,0,0,92.2762507813213,0,0,0,76.1085484912151,0,122.430984500655,0,0,60.9776236779574,60.6585451201795,0,180.583012772712,0,130.890316753872,467.228556976166,469.781307721627,0,0
0,173.13,0,0,488.96749318484,110.017685379029,0,0,163.5964926665,170.794724993111,0,0,112.689359252947,0,63.9769056760903,0,75.1616366865549,0,0,71.6877351164431,0,0,90.0663568442077,0,0,0,67.859938261042,0,109.492051912718,0,0,51.1207130045504,50.4028146423392,0,154.103793743374,0,105.147895121126,384.204581185328,388.661427362392,0,0
0,172.271585150785,0,0,472.388747090216,106.64625911404,0,0,161.814959083759,165.25360012975,0,0,110.414996253756,0,63.6372004623197,0,74.5967758060804,0,0,75.3780286491079,0,0,98.641136162865,0,0,0,81.4957687338225,0,125.381176561948,0,0,57.6654792173427,58.4803525054345,0,176.087797391553,0,104.976684382701,392.617552624672,392.271440623546,0,0
0,99.3565630619651,0,0,271.28180879001,61.1314939385864,0,0,110.749719869325,117.223566514246,0,0,85.776679160772,0,54.2213538196357,0,66.5422603857439,0,0,62.9135988704076,0,0,87.6398640774159,0,0,0,75.3660098293682,0,120.267885226699,0,0,57.344607922757,57.222988080025,0,178.962388265971,0,110.197120895907,367.1960817386,368.214394760124,0,0
0,99.3540000876635,0,0,267.164505359674,60.1122726895407,0,0,107.995140888797,112.753331418127,0,0,79.7810061243559,0,43.700357192514,0,50.9726136718703,0,0,47.7921773829819,0,0,68.185105118158,0,0,0,58.0937006477991,0,95.0689226565732,0,0,45.3037630542781,46.8321416046465,0,144.492870016059,0,94.7534715531302,341.312179975276,344.676925961585,0,0
0,99.354000000003,0,0,276.154615943069,62.1341950869132,0,0,112.265492330756,117.190537548622,0,0,79.8463091564396,0,45.1391044610399,0,53.7877446435656,0,0,51.8377272525325,0,0,73.5846123117058,0,0,0,57.0700996821707,0,91.7860573453667,0,0,43.0079062561222,38.9315397579075,0,118.661927244368,0,72.2340885739075,246.126932704812,248.21409226658,0,0
0,99.354,0,0,270.16608647304,60.7877648734139,0,0,107.271454499213,113.630343562855,0,0,73.5380772440563,0,41.8138114297346,0,49.2235817318573,0,0,48.7087252567898,0,0,67.3964745983498,0,0,0,55.0920797838734,0,90.7885430042816,0,0,43.0378401362234,45.4850441248872,0,138.010942306972,0,86.5176242561947,299.686398730069,300.734922008857,0,0
0,99.354,0,0,267.163798005872,60.1120526709948,0,0,101.901475203605,108.019221625519,0,0,70.836638776534,0,40.072347386407,0,48.2890226973908,0,0,47.2976162191313,0,0,60.512851821054,0,0,0,52.3314644186826,0,79.4503045722074,0,0,35.6528967994951,35.3850873203605,0,116.626381660311,0,71.8782991733219,254.032845188827,257.024074644371,0,0
0,99.354,0,0,273.156910802605,61.4599092787293,0,0,101.776899574584,106.245328836619,0,0,70.9939571426877,0,38.5528402315713,0,46.0858823241671,0,0,43.7653161730197,0,0,57.7798420629983,0,0,0,44.7858601614698,0,70.1967583227703,0,0,31.6641866740185,32.0918071169864,0,101.430203111034,0,69.8969946423209,242.879963953884,244.718397001182,0,0
