100,36,0,30,20.4,0,0,42,200.491046957916,0,0,60,12,0,72,0,36,0,24,24,0,54,18,0,60,24,12,0,60,0,60,72,0,0,240,0,206.4,0,0,0,0
100,0,0,36,61.2,0,0,72,200.491046957916,0,0,72,36,0,60,0,48,0,48,0,0,126,36,0,12,36,24,0,24,0,48,36,0,0,168,0,309.6,0,0,0,0
100,0,0,30,51,0,0,42,200.491046957916,0,0,24,12,0,36,0,36,0,48,12,0,90,36,0,0,24,36,0,96,0,36,0,0,0,96,0,154.8,0,0,0,0
100,24,0,18,10.2,0,0,12,200.491046957916,0,0,12,0,0,36,0,12,0,12,48,0,36,36,0,0,0,12,0,24,0,0,180,0,0,264,0,335.4,0,0,0,0
100,0,0,6,10.2,0,0,6,167.07587246493,0,0,0,24,0,96,0,24,0,48,36,0,90,18,0,12,0,12,0,60,0,24,72,0,0,168,0,206.4,0,0,0,0
100,48,0,30,10.2,0,0,6,133.660697971944,0,0,0,12,0,36,0,24,0,60,12,0,36,18,0,48,0,0,0,48,0,48,180,0,0,264,0,180.6,0,0,0,0
100,24,0,12,0,0,0,6,133.660697971944,0,0,12,24,0,84,0,36,0,36,24,0,0,0,0,12,12,12,0,12,0,48,18,0,0,192,0,129,0,0,0,0
100,0,0,0,0,0,0,0,133.660697971944,0,0,0,36,0,48,0,36,0,36,0,0,90,0,0,0,36,36,0,36,0,24,72,0,0,120,0,154.8,0,0,0,0
100,24,0,12,0,0,0,0,167.07587246493,0,0,0,12,0,48,0,36,0,12,0,0,18,0,0,12,12,0,0,60,0,48,54,0,0,168,0,180.6,0,0,0,0
100,24,0,24,20.4,0,0,18,133.660697971944,0,0,12,24,0,72,0,48,0,36,36,0,54,36,0,0,12,24,0,12,0,36,36,0,0,192,0,77.4,0,0,0,0
100,0,0,24,40.8,0,0,30,133.660697971944,0,0,12,12,0,12,0,48,0,12,12,0,54,36,0,12,0,24,0,24,0,12,0,0,0,24,0,180.6,0,0,0,0
100,12,0,36,51,0,0,36,133.660697971944,0,0,12,0,0,24,0,24,0,24,24,0,36,18,0,12,12,24,0,0,0,48,54,0,0,144,0,154.8,0,0,0,0
1207,24,0,24,20.4,0,0,18,133.660697971944,0,0,12,36,0,12,0,12,0,12,0,0,36,0,0,12,24,12,0,36,0,36,0,0,0,48,0,154.8,0,0,0,0
1207,24,0,18,10.2,0,0,6,133.660697971944,0,0,0,12,0,108,0,24,0,24,0,0,18,18,0,0,24,0,0,24,0,36,18,0,0,48,0,103.2,0,0,0,0
1207,48,0,48,40.8,0,0,30,133.660697971944,0,0,12,12,0,24,0,12,0,12,24,0,36,0,0,0,12,0,0,12,0,12,36,0,0,48,0,154.8,0,0,0,0
1207,36,0,30,20.4,0,0,24,133.660697971944,0,0,24,0,0,48,0,60,0,12,24,0,72,0,0,0,12,36,0,48,0,24,36,0,0,96,0,103.2,0,0,0,0
1207,24,0,24,20.4,0,0,18,133.660697971944,0,0,12,0,0,60,0,0,0,24,12,0,18,0,0,12,24,0,0,0,0,36,18,0,0,192,0,206.4,0,0,0,0
1207,0,0,30,51,0,0,48,133.660697971944,0,0,36,12,0,132,0,24,0,24,0,0,54,18,0,24,12,12,0,60,0,12,36,0,0,48,0,77.4,0,0,0,0
1207,0,0,0,0,0,0,12,133.660697971944,0,0,24,0,0,24,0,24,0,60,24,0,18,18,0,12,12,24,0,0,0,0,18,0,0,48,0,51.6,0,0,0,0
1207,12,0,12,10.2,0,0,12,100.245523478958,0,0,12,36,0,36,0,60,0,12,12,0,18,18,0,0,0,48,0,36,0,24,36,0,0,48,0,51.6,0,0,0,0
1207,36,0,18,0,0,0,6,133.660697971944,0,0,12,36,0,48,0,36,0,72,0,0,18,0,0,12,12,36,0,12,0,48,36,0,0,0,0,0,0,0,0,0
1207,0,0,0,0,0,0,6,66.8303489859719,0,0,12,12,0,48,0,24,0,12,0,0,18,0,0,12,60,12,0,0,0,12,0,0,0,144,0,77.4,0,0,0,0
1207,0,0,6,10.2,0,0,24,66.8303489859719,0,0,36,0,0,48,0,12,0,24,12,0,36,18,0,0,48,0,0,48,0,24,18,0,0,96,0,25.8,0,0,0,0
1207,0,0,6,10.2,0,0,12,100.245523478958,0,0,12,24,0,72,0,12,0,0,0,0,54,0,0,12,36,36,0,12,0,60,36,0,0,72,0,77.4,0,0,0,0
821,0,0,24,40.8,0,0,24,66.8303489859719,0,0,0,0,0,60,0,0,0,0,0,0,18,18,0,12,36,24,0,24,0,36,18,0,0,168,0,180.6,0,0,0,0
821,36,0,24,10.2,0,0,6,133.660697971944,0,0,0,12,0,24,0,24,0,36,24,0,18,0,0,12,12,12,0,12,0,12,18,0,0,96,0,232.2,0,0,0,0
821,24,0,48,61.2,0,0,42,100.245523478958,0,0,12,24,0,48,0,24,0,24,12,0,0,0,0,0,12,0,0,24,0,24,36,0,0,120,0,206.4,0,0,0,0
821,24,0,30,30.6,0,0,30,66.8303489859719,0,0,24,24,0,84,0,0,0,36,24,0,0,18,0,0,12,12,0,36,0,48,54,0,0,72,0,25.8,0,0,0,0
821,12,0,6,0,0,0,12,66.8303489859719,0,0,24,12,0,0,0,12,0,0,0,0,54,18,0,12,0,12,0,12,0,48,0,0,0,24,0,154.8,0,0,0,0
821,0,0,12,20.4,0,0,18,66.8303489859719,0,0,12,0,0,60,0,0,0,24,0,0,18,18,0,0,0,12,0,0,0,72,36,0,0,72,0,51.6,0,0,0,0
821,0,0,6,10.2,0,0,6,66.8303489859719,0,0,0,36,0,36,0,24,0,12,0,0,18,0,0,12,12,36,0,24,0,24,0,0,0,24,0,25.8,0,0,0,0
821,12,0,18,20.4,0,0,18,66.8303489859719,0,0,12,0,0,0,0,0,0,12,12,0,0,36,0,0,12,72,0,0,0,48,0,0,0,96,0,129,0,0,0,0
821,12,0,42,61.2,0,0,54,66.8303489859719,0,0,36,24,0,24,0,36,0,0,12,0,18,0,0,0,0,36,0,36,0,12,36,0,0,24,0,77.4,0,0,0,0
821,0,0,18,30.6,0,0,36,100.245523478958,0,0,36,24,0,60,0,36,0,0,0,0,0,18,0,12,36,48,0,36,0,12,36,0,0,0,0,51.6,0,0,0,0
821,12,0,12,10.2,0,0,24,100.245523478958,0,0,36,0,0,36,0,36,0,24,12,0,0,18,0,12,0,12,0,72,0,12,0,0,0,96,0,154.8,0,0,0,0
821,0,0,18,30.6,0,0,24,100.245523478958,0,0,12,12,0,24,0,48,0,0,12,0,36,0,0,0,12,36,0,24,0,24,18,0,0,144,0,77.4,0,0,0,0
808,0,0,24,40.8,0,0,24,141.523091970293,0,0,0,12,0,36,0,36,0,48,24,0,18,0,0,0,24,36,0,12,0,36,36,0,0,24,0,77.4,0,0,0,0
808,12,0,24,30.6,0,0,36,141.523091970293,0,0,36,12,0,48,0,24,0,36,0,0,36,0,0,24,36,120,0,12,0,36,18,0,0,24,0,77.4,0,0,0,0
808,84,0,90,81.6,0,0,54,141.523091970293,0,0,12,24,0,24,0,12,0,12,0,0,18,54,0,36,24,24,0,12,0,36,144,0,0,120,0,51.6,0,0,0,0
808,60,0,60,51,0,0,36,141.523091970293,0,0,12,12,0,60,0,0,0,0,24,0,18,0,0,12,24,12,0,24,0,60,90,0,0,48,0,51.6,0,0,0,0
808,12,0,36,51,0,0,36,141.523091970293,0,0,12,12,0,72,0,12,0,36,24,0,72,0,0,0,24,24,0,12,0,12,126,0,0,144,0,103.2,0,0,0,0
808,12,0,24,30.6,0,0,24,141.523091970293,0,0,12,24,0,72,0,12,0,24,24,0,18,0,0,0,24,12,0,36,0,48,90,0,0,96,0,180.6,0,0,0,0
808,36,0,24,10.2,0,0,6,141.523091970293,0,0,0,24,0,48,0,0,0,60,24,0,54,0,0,12,12,24,0,24,0,48,0,0,0,48,0,77.4,0,0,0,0
808,84,0,96,91.8,0,0,72,176.903864962867,0,0,36,36,0,96,0,12,0,24,24,0,0,36,0,24,48,24,0,12,0,72,18,0,0,96,0,51.6,0,0,0,0
808,60,0,60,51,0,0,30,212.28463795544,0,0,0,24,0,60,0,36,0,96,0,0,36,36,0,12,24,0,0,24,0,24,72,0,0,192,0,77.4,0,0,0,0
808,60,0,66,61.2,0,0,48,212.28463795544,0,0,24,12,0,48,0,24,0,36,36,0,0,54,0,36,12,12,0,36,0,24,18,0,0,96,0,51.6,0,0,0,0
808,96,0,72,40.8,0,0,30,247.665410948013,0,0,12,48,0,120,0,24,0,60,12,0,72,18,0,24,48,0,0,0,0,48,72,0,0,120,0,129,0,0,0,0
808,96,0,114,112.2,0,0,72,283.046183940587,0,0,12,60,0,144,0,84,0,84,48,0,0,72,0,0,72,36,0,24,0,36,126,0,0,72,0,206.4,0,0,0,0
1176,84,0,126,142.8,0,0,90,318.426956933161,0,0,12,60,0,96,0,60,0,84,48,0,54,72,0,48,96,12,0,12,0,48,108,0,0,120,0,180.6,0,0,0,0
1176,108,0,126,122.4,0,0,90,318.426956933161,0,0,36,60,0,156,0,36,0,48,12,0,54,54,0,36,120,12,0,36,0,84,108,0,0,144,0,283.8,0,0,0,0
1176,84,0,102,102,0,0,120,353.807729925733,0,0,120,0,0,72,0,72,0,96,36,0,90,18,0,24,84,12,0,12,0,48,54,0,0,168,0,154.8,0,0,0,0
1176,84,0,84,71.4,0,0,72,424.56927591088,0,0,60,36,0,132,0,36,0,60,48,0,36,36,0,36,36,24,0,84,0,60,54,0,0,264,0,258,0,0,0,0
1176,84,0,72,51,0,0,30,424.56927591088,0,0,0,72,0,132,0,84,0,84,120,0,126,72,0,12,36,24,0,12,0,24,36,0,0,144,0,258,0,0,0,0
1176,96,0,126,132.6,0,0,144,424.56927591088,0,0,132,36,0,216,0,108,0,84,36,0,72,72,0,48,120,24,0,36,0,36,144,0,0,192,0,232.2,0,0,0,0
1176,120,0,114,91.8,0,0,108,1264.18471323145,0,0,108,84,0,132,0,108,0,96,132,0,72,126,0,60,108,24,0,96,0,168,144,0,0,360,0,283.8,0,0,0,0
1176,84,0,216,295.8,0,0,234,1264.18471323145,0,0,120,108,0,132,0,192,0,108,60,0,18,0,0,84,132,36,0,12,0,144,216,0,0,240,0,412.8,0,0,0,0
1176,84,0,102,102,0,0,96,1264.18471323145,0,0,72,84,0,252,0,108,0,108,96,0,126,126,0,60,84,12,0,72,0,72,108,0,0,480,0,335.4,0,0,0,0
1176,180,0,222,224.4,0,0,162,1405.3627015111,0,0,60,84,0,168,0,144,0,144,96,0,108,90,0,120,120,24,0,72,0,96,162,0,0,384,0,464.4,0,0,0,0
1176,252,0,216,153,0,0,138,1405.3627015111,0,0,96,132,0,132,0,156,0,168,120,0,54,180,0,96,120,36,0,108,0,72,198,0,0,528,0,541.8,0,0,0,0
1176,228,0,246,224.4,0,0,192,1405.3627015111,0,0,120,156,0,204,0,120,0,180,84,0,54,198,0,168,120,72,0,96,0,120,180,0,0,600,0,619.2,0,0,0,0
3118,216,0,222,193.8,0,0,168,1360.44243251303,0,0,108,84,0,264,0,156,0,204,180,0,252,180,0,36,120,24,0,72,0,72,252,0,0,360,0,438.6,0,0,0,0
3118,240,0,342,377.4,0,0,282,1360.44243251303,0,0,120,180,0,348,0,156,0,168,204,0,144,144,0,228,144,108,0,132,0,144,306,0,0,768,0,954.6,0,0,0,0
3118,432,0,396,306,0,0,252,1360.44243251303,0,0,144,168,0,324,0,240,0,264,240,0,180,216,0,120,240,72,0,96,0,144,234,0,0,720,0,696.6,0,0,0,0
3118,228,0,258,244.8,0,0,252,1722.65666506891,0,0,216,228,0,360,0,240,0,276,228,0,198,288,0,168,240,48,0,48,0,228,288,0,0,744,0,774,0,0,0,0
3118,264,0,324,326.4,0,0,330,1722.65666506891,0,0,276,144,0,456,0,312,0,204,252,0,54,306,0,144,204,60,0,120,0,204,180,0,0,816,0,464.4,0,0,0,0
3118,204,0,360,438.6,0,0,336,1722.65666506891,0,0,156,204,0,396,0,264,0,372,108,0,144,234,0,120,288,120,0,144,0,168,270,0,0,624,0,748.2,0,0,0,0
3118,432,0,354,234.6,0,0,186,1851.00029077769,0,0,96,192,0,408,0,264,0,288,192,0,198,198,0,120,300,24,0,96,0,240,306,0,0,1008,0,670.8,0,0,0,0
3118,456,0,444,367.2,0,0,282,1851.00029077769,0,0,132,180,0,492,0,312,0,204,240,0,234,342,0,144,324,132,0,144,0,240,432,0,0,744,0,722.4,0,0,0,0
3118,456,0,426,336.6,0,0,306,1851.00029077769,0,0,216,264,0,636,0,324,0,300,264,0,90,396,0,192,432,84,0,84,0,360,522,0,0,792,0,799.8,0,0,0,0
3118,336,0,354,316.2,0,0,288,1928.00646620294,0,0,204,216,0,444,0,336,0,336,288,0,324,414,0,228,324,72,0,192,0,324,378,0,0,1224,0,1057.8,0,0,0,0
3118,588,0,564,459,0,0,366,1928.00646620294,0,0,192,288,0,432,0,324,0,408,228,0,234,360,0,228,456,96,0,168,0,288,504,0,0,1128,0,1238.4,0,0,0,0
3118,468,0,450,367.2,0,0,372,1928.00646620294,0,0,312,228,0,456,0,492,0,372,372,0,252,396,0,324,408,60,0,228,0,276,342,0,0,1056,0,1135.2,0,0,0,0
7267,372,0,366,306,0,0,324,1711.24834278368,0,0,288,300,0,540,0,396,0,480,324,0,270,468,0,288,396,132,0,300,0,336,468,0,0,1608,0,1109.4,0,0,0,0
7267,432,0,438,377.4,0,0,390,1711.24834278368,0,0,336,252,0,552,0,504,0,408,228,0,270,540,0,420,516,144,0,240,0,444,594,0,0,1536,0,1573.8,0,0,0,0
7267,588,0,558,448.8,0,0,402,1711.24834278368,0,0,276,360,0,612,0,612,0,564,324,0,378,684,0,372,600,180,0,240,0,420,450,0,0,1200,0,1238.4,0,0,0,0
7267,540,0,492,377.4,0,0,342,1679.87545649932,0,0,240,420,0,492,0,648,0,648,252,0,450,756,0,456,636,156,0,216,0,552,504,0,0,1200,0,1419,0,0,0,0
7267,684,0,546,346.8,0,0,312,1679.87545649932,0,0,216,444,0,636,0,612,0,672,324,0,234,648,0,420,732,120,0,264,0,552,432,0,0,1776,0,1290,0,0,0,0
7267,660,0,510,306,0,0,330,1679.87545649932,0,0,300,288,0,612,0,576,0,372,228,0,396,630,0,540,564,156,0,132,0,432,468,0,0,1752,0,1264.2,0,0,0,0
7267,636,0,570,428.4,0,0,354,1679.87545649932,0,0,204,324,0,516,0,624,0,384,348,0,378,900,0,300,564,156,0,360,0,552,594,0,0,1944,0,954.6,0,0,0,0
7267,672,0,528,326.4,0,0,366,1679.87545649932,0,0,348,396,0,588,0,576,0,528,300,0,396,864,0,540,648,108,0,264,0,504,684,0,0,1992,0,1548,0,0,0,0
7267,648,0,546,377.4,0,0,342,1679.87545649932,0,0,240,396,0,672,0,528,0,504,336,0,252,792,0,648,780,192,0,288,0,540,648,0,0,1272,0,1470.6,0,0,0,0
7267,420,0,408,336.6,0,0,402,1668.46713421409,0,0,408,300,0,612,0,684,0,648,396,0,486,738,0,672,816,156,0,432,0,636,504,0,0,1680,0,1186.8,0,0,0,0
7267,564,0,516,397.8,0,0,384,1668.46713421409,0,0,300,564,0,636,0,696,0,564,372,0,162,846,0,684,744,120,0,444,0,396,558,0,0,1536,0,954.6,0,0,0,0
7267,492,0,456,357,0,0,354,1668.46713421409,0,0,288,408,0,660,0,588,0,600,420,0,432,954,0,636,756,132,0,456,0,660,738,0,0,1704,0,1186.8,0,0,0,0
7196,540,0,504,397.8,0,0,408,1668.46713421409,0,0,348,384,0,756,0,636,0,636,348,0,342,846,0,684,840,372,0,480,0,552,864,0,0,1848,0,1702.8,0,0,0,0
7196,504,0,516,448.8,0,0,420,1668.46713421409,0,0,312,432,0,648,0,696,0,636,420,0,558,1098,0,876,900,288,0,504,0,612,864,0,0,2664,0,1780.2,0,0,0,0
7196,480,0,468,387.6,0,0,432,1668.46713421409,0,0,408,312,0,600,0,624,0,552,468,0,792,1116,0,660,852,180,0,468,0,636,990,0,0,1608,0,1522.2,0,0,0,0
7196,540,0,516,418.2,0,0,384,1702.69210106976,0,0,276,240,0,612,0,660,0,408,372,0,414,792,0,804,804,144,0,348,0,804,1008,0,0,2112,0,2141.4,0,0,0,0
7196,432,0,474,438.6,0,0,402,1702.69210106976,0,0,288,420,0,444,0,576,0,636,360,0,522,828,0,816,984,228,0,456,0,564,1044,0,0,2208,0,1831.8,0,0,0,0
7196,348,0,408,397.8,0,0,378,1702.69210106976,0,0,288,348,0,468,0,588,0,360,276,0,558,918,0,720,792,204,0,300,0,504,954,0,0,1824,0,1599.6,0,0,0,0
7196,288,0,366,377.4,0,0,390,1454.56109136613,0,0,336,432,0,492,0,648,0,660,372,0,396,702,0,840,516,84,0,336,0,480,756,0,0,1944,0,1419,0,0,0,0
7196,360,0,474,499.8,0,0,444,1454.56109136613,0,0,300,504,0,516,0,600,0,336,288,0,450,936,0,636,708,168,0,312,0,576,882,0,0,2016,0,1548,0,0,0,0
7196,324,0,426,448.8,0,0,396,1454.56109136613,0,0,264,336,0,492,0,480,0,540,300,0,594,720,0,768,840,120,0,348,0,492,828,0,0,2280,0,1780.2,0,0,0,0
7196,312,0,342,316.2,0,0,342,1400.37156051131,0,0,312,444,0,636,0,612,0,480,300,0,666,648,0,672,780,216,0,264,0,408,594,0,0,1776,0,1083.6,0,0,0,0
7196,228,0,330,367.2,0,0,372,1400.37156051131,0,0,312,444,0,648,0,612,0,528,216,0,522,774,0,936,792,180,0,324,0,696,576,0,0,2184,0,1651.2,0,0,0,0
7196,264,0,300,285.6,0,0,318,1400.37156051131,0,0,300,384,0,420,0,540,0,300,300,0,414,846,0,624,744,204,0,312,0,576,414,0,0,1992,0,1677,0,0,0,0
6640,264,0,336,346.8,0,0,336,1309.10498222951,0,0,264,312,0,528,0,444,0,432,276,0,450,882,0,732,828,228,0,468,0,660,720,0,0,2304,0,1677,0,0,0,0
6640,300,0,270,204,0,0,234,1309.10498222951,0,0,228,408,0,564,0,528,0,552,384,0,360,900,0,720,816,192,0,276,0,576,684,0,0,2016,0,1909.2,0,0,0,0
6640,156,0,234,265.2,0,0,240,1309.10498222951,0,0,168,444,0,480,0,528,0,468,300,0,432,756,0,684,660,180,0,480,0,624,738,0,0,2400,0,1677,0,0,0,0
6640,228,0,240,214.2,0,0,252,1505.89854164964,0,0,252,456,0,468,0,420,0,504,360,0,324,612,0,540,732,180,0,480,0,552,882,0,0,1872,0,1986.6,0,0,0,0
6640,192,0,216,204,0,0,240,1505.89854164964,0,0,240,372,0,504,0,492,0,540,288,0,396,648,0,732,696,192,0,264,0,492,774,0,0,2208,0,1496.4,0,0,0,0
6640,240,0,228,183.6,0,0,186,1505.89854164964,0,0,156,300,0,468,0,492,0,312,240,0,180,774,0,468,552,216,0,384,0,384,756,0,0,2040,0,2193,0,0,0,0
6640,180,0,174,142.8,0,0,198,1505.89854164964,0,0,228,216,0,504,0,468,0,492,252,0,216,666,0,420,504,120,0,324,0,408,522,0,0,1488,0,1186.8,0,0,0,0
6640,228,0,348,397.8,0,0,354,1505.89854164964,0,0,240,384,0,420,0,504,0,360,264,0,162,630,0,492,588,120,0,336,0,468,666,0,0,1800,0,1702.8,0,0,0,0
6640,180,0,210,204,0,0,276,1505.89854164964,0,0,312,276,0,324,0,552,0,504,228,0,306,612,0,468,576,144,0,456,0,516,756,0,0,2112,0,1419,0,0,0,0
6640,240,0,240,204,0,0,282,1443.15276908091,0,0,324,336,0,492,0,432,0,420,264,0,378,630,0,384,696,168,0,324,0,492,612,0,0,1752,0,1393.2,0,0,0,0
6640,264,0,300,285.6,0,0,276,1443.15276908091,0,0,216,276,0,360,0,408,0,468,300,0,198,432,0,360,576,168,0,360,0,492,756,0,0,1416,0,1161,0,0,0,0
6640,264,0,240,183.6,0,0,258,1443.15276908091,0,0,300,336,0,504,0,504,0,444,324,0,306,594,0,300,636,96,0,180,0,444,486,0,0,2208,0,1290,0,0,0,0
7002,204,0,258,265.2,0,0,258,1463.11733308005,0,0,204,444,0,492,0,468,0,360,288,0,522,486,0,396,660,96,0,372,0,540,648,0,0,1560,0,1393.2,0,0,0,0
7002,252,0,228,173.4,0,0,216,1463.11733308005,0,0,228,384,0,444,0,468,0,480,276,0,360,468,0,360,516,192,0,372,0,372,666,0,0,1704,0,1625.4,0,0,0,0
7002,252,0,228,173.4,0,0,210,1463.11733308005,0,0,216,432,0,504,0,492,0,540,300,0,198,594,0,288,612,168,0,348,0,384,666,0,0,1104,0,1083.6,0,0,0,0
7002,144,0,258,316.2,0,0,360,1371.85075479825,0,0,348,384,0,480,0,444,0,576,336,0,252,522,0,312,468,120,0,372,0,564,630,0,0,2160,0,1625.4,0,0,0,0
7002,228,0,324,357,0,0,402,1371.85075479825,0,0,384,396,0,588,0,408,0,480,264,0,234,594,0,240,504,144,0,372,0,588,630,0,0,1968,0,1883.4,0,0,0,0
7002,168,0,222,234.6,0,0,276,1371.85075479825,0,0,276,432,0,564,0,408,0,492,264,0,378,630,0,168,300,108,0,276,0,492,648,0,0,1752,0,1522.2,0,0,0,0
7002,144,0,222,255,0,0,318,1572.47879966992,0,0,336,408,0,540,0,420,0,372,204,0,504,468,0,264,480,156,0,372,0,396,648,0,0,1536,0,1186.8,0,0,0,0
7002,348,0,342,285.6,0,0,276,1509.57964768313,0,0,216,372,0,480,0,396,0,492,228,0,432,396,0,336,444,72,0,360,0,432,702,0,0,1512,0,1161,0,0,0,0
7002,228,0,270,265.2,0,0,270,1541.02922367653,0,0,228,432,0,528,0,456,0,468,348,0,180,522,0,252,492,120,0,312,0,336,612,0,0,1584,0,1754.4,0,0,0,0
7002,204,0,264,275.4,0,0,300,1635.37795165672,0,0,276,396,0,540,0,492,0,432,252,0,360,504,0,228,408,72,0,504,0,552,504,0,0,1368,0,1290,0,0,0,0
7002,216,0,240,224.4,0,0,312,1635.37795165672,0,0,360,408,0,612,0,396,0,372,240,0,324,486,0,252,552,168,0,432,0,396,522,0,0,1488,0,1599.6,0,0,0,0
7002,192,0,270,295.8,0,0,300,1509.57964768313,0,0,252,420,0,564,0,504,0,468,300,0,378,558,0,252,588,108,0,372,0,252,450,0,0,1584,0,1573.8,0,0,0,0
6977,180,0,288,336.6,0,0,432,1541.02922367653,0,0,468,408,0,516,0,540,0,492,204,0,288,486,0,276,552,156,0,372,0,480,738,0,0,1488,0,1057.8,0,0,0,0
6977,216,0,282,295.8,0,0,360,1572.47879966992,0,0,372,408,0,540,0,348,0,576,372,0,324,648,0,168,408,216,0,372,0,336,612,0,0,1392,0,954.6,0,0,0,0
6977,240,0,300,306,0,0,360,1635.37795165672,0,0,360,468,0,444,0,516,0,504,168,0,414,504,0,204,492,192,0,468,0,480,396,0,0,1080,0,593.4,0,0,0,0
6977,156,0,336,438.6,0,0,468,1572.47879966992,0,0,420,492,0,576,0,420,0,480,276,0,558,450,0,252,492,168,0,432,0,372,684,0,0,1608,0,0,0,0,0,0
6977,276,0,378,408,0,0,450,1698.27710364352,0,0,420,396,0,516,0,396,0,372,252,0,450,612,0,384,312,96,0,444,0,396,360,0,0,1656,0,0,0,0,0,0
6977,204,0,276,295.8,0,0,402,1572.47879966992,0,0,456,468,0,480,0,372,0,492,192,0,306,450,0,180,456,180,0,420,0,468,360,0,0,1464,0,25.8,0,0,0,0
6977,228,0,342,387.6,0,0,408,1478.13007168973,0,0,360,432,0,528,0,492,0,624,312,0,324,486,0,288,504,180,0,468,0,396,414,0,0,1032,0,25.8,0,0,0,0
6977,144,0,192,204,0,0,270,1635.37795165672,0,0,300,396,0,576,0,528,0,384,132,0,468,558,0,192,444,156,0,420,0,336,324,0,0,1008,0,0,0,0,0,0
6977,240,0,306,316.2,0,0,414,1603.92837566333,0,0,456,312,0,492,0,444,0,360,264,0,378,414,0,228,420,108,0,204,0,348,360,0,0,1224,0,77.4,0,0,0,0
6977,204,0,318,367.2,0,0,414,1572.47879966992,0,0,396,432,0,492,0,396,0,444,204,0,432,342,0,216,504,156,0,348,0,312,378,0,0,1320,0,645,0,0,0,0
6977,144,0,288,367.2,0,0,390,1635.37795165672,0,0,348,492,0,528,0,432,0,480,240,0,432,396,0,288,360,132,0,264,0,456,324,0,0,1488,0,77.4,0,0,0,0
6977,228,0,246,224.4,0,0,276,1635.37795165672,0,0,288,492,0,480,0,504,0,408,228,0,288,306,0,192,468,192,0,480,0,360,576,0,0,1776,0,25.8,0,0,0,0
6702,264,0,282,255,0,0,306,1666.82752765013,0,0,312,492,0,576,0,360,0,432,96,0,414,252,0,132,360,156,0,432,0,372,576,0,0,2772,0,309.6,0,0,0,0
6702,288,0,318,295.8,0,0,402,1666.82752765013,0,0,456,420,0,516,0,408,0,396,228,0,450,486,0,216,576,204,0,384,0,312,630,0,0,2814,0,877.2,0,0,0,0
6702,264,0,288,265.2,0,0,426,1729.72667963692,0,0,540,456,0,564,0,408,0,480,216,0,396,360,0,264,468,216,0,420,0,468,486,0,0,2814,0,154.8,0,0,0,0
6702,84,0,264,377.4,0,0,420,1698.27710364352,0,0,396,420,0,684,0,612,0,396,252,0,504,324,0,144,576,240,0,480,0,492,684,0,0,2604,0,980.4,0,0,0,0
6702,288,0,384,408,0,0,450,1698.27710364352,0,0,420,312,0,456,0,552,0,480,240,0,558,504,0,192,396,108,0,516,0,564,738,0,0,3444,0,1290,0,0,0,0
6702,168,0,216,224.4,0,0,330,1824.07540761711,0,0,396,372,0,600,0,528,0,576,324,0,468,288,0,204,444,144,0,600,0,432,558,0,0,3486,0,0,0,0,0,0
6702,240,0,228,183.6,0,0,372,1291.39821422893,0,0,528,468,0,636,0,528,0,372,132,0,450,540,0,240,456,168,0,492,0,288,558,0,0,3486,0,0,0,0,0,0
6702,252,0,318,326.4,0,0,402,1315.3129959739,0,0,420,564,0,720,0,528,0,444,288,0,648,396,0,96,468,216,0,444,0,516,558,0,0,2814,0,0,0,0,0,0
6702,168,0,162,132.6,0,0,288,1315.3129959739,0,0,420,492,0,636,0,312,0,468,192,0,414,252,0,180,468,156,0,516,0,468,810,0,0,3234,0,0,0,0,0,0
6702,276,0,372,397.8,0,0,498,1482.71646818877,0,0,528,588,0,636,0,324,0,588,204,0,702,396,0,228,348,132,0,360,0,372,504,0,0,2982,0,103.2,0,0,0,0
6702,228,0,318,346.8,0,0,426,1315.3129959739,0,0,444,348,0,504,0,504,0,336,192,0,720,594,0,132,348,180,0,408,0,420,684,0,0,4074,0,0,0,0,0,0
6702,264,0,234,173.4,0,0,306,1195.739087249,0,0,408,372,0,576,0,396,0,576,132,0,342,306,0,132,432,168,0,588,0,528,396,0,0,3654,0,51.6,0,0,0,0
6250,216,0,258,255,0,0,360,1363.14255946387,0,0,420,516,0,576,0,396,0,372,144,0,504,360,0,156,420,144,0,480,0,456,666,0,0,3318,0,0,0,0,0,0
6250,168,0,258,295.8,0,0,342,1387.05734120885,0,0,336,480,0,372,0,432,0,456,228,0,450,540,0,204,324,144,0,468,0,348,720,0,0,2520,0,51.6,0,0,0,0
6250,204,0,312,357,0,0,390,1315.3129959739,0,0,360,384,0,624,0,444,0,552,264,0,774,324,0,216,480,168,0,504,0,420,558,0,0,2520,0,51.6,0,0,0,0
6250,216,0,246,234.6,0,0,342,1387.05734120885,0,0,408,492,0,600,0,468,0,588,240,0,540,504,0,108,396,180,0,456,0,408,666,0,0,2268,0,0,0,0,0,0
6250,192,0,324,387.6,0,0,450,1315.3129959739,0,0,444,576,0,732,0,528,0,528,168,0,468,378,0,252,408,144,0,564,0,468,774,0,0,2814,0,51.6,0,0,0,0
6250,276,0,252,193.8,0,0,300,1387.05734120885,0,0,372,516,0,696,0,624,0,516,180,0,702,450,0,168,408,144,0,648,0,552,594,0,0,2982,0,0,0,0,0,0
6250,108,0,222,285.6,0,0,420,1291.39821422893,0,0,504,492,0,444,0,612,0,516,156,0,666,396,0,252,624,348,0,516,0,396,486,0,0,3276,0,51.6,0,0,0,0
6250,216,0,204,163.2,0,0,258,1339.22777771889,0,0,324,432,0,696,0,468,0,528,276,0,702,378,0,168,384,120,0,516,0,288,594,0,0,3066,0,0,0,0,0,0
6250,204,0,312,357,0,0,498,1339.22777771889,0,0,576,300,0,648,0,576,0,600,228,0,810,324,0,216,576,252,0,636,0,492,558,0,0,2982,0,51.6,0,0,0,0
6250,156,0,282,346.8,0,0,396,1339.22777771889,0,0,384,492,0,708,0,468,0,504,180,0,720,342,0,216,552,156,0,624,0,420,864,0,0,1764,0,0,0,0,0,0
6250,252,0,354,387.6,0,0,450,1363.14255946387,0,0,444,372,0,492,0,600,0,408,240,0,720,432,0,276,420,228,0,564,0,372,576,0,0,3024,0,51.6,0,0,0,0
6250,192,0,222,214.2,0,0,336,1291.39821422893,0,0,420,516,0,468,0,492,0,480,108,0,630,342,0,216,432,204,0,504,0,348,666,0,0,3192,0,0,0,0,0,0
6388,168,0,306,377.4,0,0,408,1291.39821422893,0,0,372,468,0,516,0,348,0,576,288,0,414,396,0,216,540,192,0,420,0,372,342,0,0,2310,0,51.6,0,0,0,0
6388,204,0,312,357,0,0,396,1315.3129959739,0,0,372,504,0,612,0,600,0,588,240,0,558,378,0,180,600,108,0,372,0,324,612,0,0,2982,0,0,0,0,0,0
6388,168,0,324,408,0,0,450,1387.05734120885,0,0,420,360,0,720,0,636,0,624,144,0,666,378,0,252,348,180,0,516,0,492,738,0,0,3360,0,51.6,0,0,0,0
6388,300,0,348,336.6,0,0,372,1482.71646818877,0,0,348,504,0,552,0,444,0,480,120,0,504,540,0,192,600,228,0,516,0,384,828,0,0,2562,0,0,0,0,0,0
6388,288,0,318,295.8,0,0,390,1363.14255946387,0,0,432,396,0,516,0,576,0,480,180,0,576,180,0,264,372,96,0,528,0,336,702,0,0,2688,0,51.6,0,0,0,0
6388,204,0,294,326.4,0,0,414,1339.22777771889,0,0,444,408,0,408,0,384,0,408,216,0,612,288,0,120,384,156,0,468,0,456,756,0,0,2772,0,0,0,0,0,0
6388,336,0,270,173.4,0,0,294,1363.14255946387,0,0,384,360,0,552,0,492,0,276,252,0,378,144,0,156,408,120,0,444,0,408,558,0,0,2814,0,51.6,0,0,0,0
6388,132,0,270,346.8,0,0,402,1291.39821422893,0,0,396,276,0,516,0,504,0,468,276,0,378,162,0,120,396,204,0,432,0,288,666,0,0,2394,0,0,0,0,0,0
6388,240,0,282,275.4,0,0,360,1434.88690469881,0,0,396,372,0,768,0,408,0,444,324,0,540,378,0,144,456,156,0,396,0,396,720,0,0,3108,0,103.2,0,0,0,0
6388,120,0,240,306,0,0,366,1363.14255946387,0,0,372,348,0,432,0,384,0,516,408,0,558,378,0,204,444,108,0,540,0,324,684,0,0,2562,0,0,0,0,0,0
6388,276,0,330,326.4,0,0,432,1363.14255946387,0,0,480,372,0,444,0,300,0,564,276,0,558,360,0,216,360,144,0,504,0,468,684,0,0,2562,0,0,0,0,0,0
6388,84,0,174,224.4,0,0,288,1291.39821422893,0,0,312,516,0,456,0,396,0,432,192,0,468,324,0,192,252,96,0,588,0,540,540,0,0,3402,0,0,0,0,0,0
6409,240,0,330,357,0,0,396,1291.39821422893,0,0,372,360,0,444,0,324,0,444,156,0,666,216,0,144,264,96,0,504,0,372,594,0,0,3066,0,154.8,0,0,0,0
6409,336,0,390,377.4,0,0,444,1482.71646818877,0,0,444,432,0,348,0,276,0,420,264,0,468,306,0,288,324,168,0,384,0,264,666,0,0,3360,0,309.6,0,0,0,0
6409,240,0,312,326.4,0,0,366,1434.88690469881,0,0,348,288,0,456,0,540,0,540,204,0,504,288,0,120,288,180,0,636,0,552,846,0,0,2940,0,877.2,0,0,0,0
6409,372,0,438,428.4,0,0,408,1363.14255946387,0,0,312,432,0,612,0,444,0,372,252,0,522,288,0,324,312,144,0,360,0,420,684,0,0,2478,0,0,0,0,0,0
6409,264,0,282,255,0,0,312,1363.14255946387,0,0,324,396,0,564,0,456,0,372,228,0,594,378,0,240,348,312,0,396,0,348,468,0,0,2394,0,0,0,0,0,0
6409,156,0,228,255,0,0,318,1458.80168644379,0,0,336,348,0,360,0,408,0,408,216,0,792,342,0,204,444,96,0,432,0,504,792,0,0,3066,0,0,0,0,0,0
6409,204,0,252,255,0,0,312,1363.14255946387,0,0,324,300,0,552,0,156,0,636,192,0,774,234,0,156,228,168,0,516,0,504,522,0,0,2352,0,2476.8,0,0,0,0
6409,348,0,330,265.2,0,0,330,1458.80168644379,0,0,348,348,0,420,0,540,0,324,240,0,828,468,0,264,336,108,0,504,0,336,630,0,0,3234,0,3766.8,0,0,0,0
6409,180,0,246,265.2,0,0,402,1458.80168644379,0,0,492,408,0,552,0,228,0,480,156,0,576,486,0,120,324,216,0,396,0,468,720,0,0,2226,0,3508.8,0,0,0,0
6409,168,0,222,234.6,0,0,342,1387.05734120885,0,0,408,288,0,540,0,300,0,348,180,0,630,270,0,276,252,60,0,432,0,672,828,0,0,2100,0,2683.2,0,0,0,0
6409,300,0,252,173.4,0,0,294,1434.88690469881,0,0,384,180,0,456,0,408,0,480,108,0,774,342,0,276,264,84,0,552,0,756,612,0,0,2730,0,4024.8,0,0,0,0
6409,288,0,258,193.8,0,0,306,1387.05734120885,0,0,384,408,0,336,0,324,0,492,168,0,612,378,0,192,264,120,0,492,0,516,666,0,0,2268,0,2167.2,0,0,0,0
6339,312,0,312,265.2,0,0,336,1410.97212295383,0,0,360,348,0,552,0,480,0,540,240,0,666,144,0,216,444,96,0,708,0,432,522,0,0,3108,0,3096,0,0,0,0
6339,372,0,414,387.6,0,0,408,1530.54603167873,0,0,360,468,0,612,0,516,0,420,228,0,576,468,0,156,276,144,0,540,0,384,486,0,0,2436,0,928.8,0,0,0,0
6339,348,0,372,336.6,0,0,444,1554.46081342371,0,0,492,192,0,528,0,360,0,480,120,0,540,360,0,60,240,96,0,444,0,528,378,0,0,2478,0,154.8,0,0,0,0
6339,336,0,306,234.6,0,0,420,1530.54603167873,0,0,564,444,0,696,0,456,0,396,156,0,558,306,0,204,396,192,0,588,0,384,648,0,0,3696,0,51.6,0,0,0,0
6339,156,0,234,265.2,0,0,312,1434.88690469881,0,0,312,180,0,552,0,372,0,444,192,0,648,252,0,204,300,84,0,348,0,636,630,0,0,3654,0,0,0,0,0,0
6339,204,0,222,204,0,0,234,1339.22777771889,0,0,228,420,0,504,0,288,0,444,156,0,648,288,0,144,264,120,0,528,0,420,504,0,0,3444,0,51.6,0,0,0,0
6339,240,0,246,214.2,0,0,372,1410.97212295383,0,0,492,384,0,408,0,336,0,420,240,0,594,342,0,228,480,144,0,564,0,348,396,0,0,2940,0,0,0,0,0,0
6339,384,0,354,275.4,0,0,318,1434.88690469881,0,0,312,444,0,552,0,312,0,444,216,0,594,234,0,216,396,144,0,696,0,444,612,0,0,3780,0,103.2,0,0,0,0
6339,300,0,288,234.6,0,0,366,1530.54603167873,0,0,456,456,0,468,0,252,0,456,156,0,450,306,0,144,300,192,0,732,0,336,558,0,0,3612,0,0,0,0,0,0
6339,312,0,246,153,0,0,264,1458.80168644379,0,0,348,276,0,504,0,228,0,288,144,0,666,234,0,216,264,96,0,492,0,576,630,0,0,2898,0,51.6,0,0,0,0
6339,288,0,276,224.4,0,0,330,1530.54603167873,0,0,396,360,0,552,0,420,0,516,144,0,576,216,0,228,468,96,0,456,0,480,486,0,0,2730,0,0,0,0,0,0
6339,348,0,258,142.8,0,0,204,1482.71646818877,0,0,240,252,0,384,0,324,0,300,192,0,720,180,0,180,204,84,0,516,0,300,558,0,0,2478,0,51.6,0,0,0,0
6642,264,0,366,397.8,0,0,480,1410.97212295383,0,0,492,360,0,480,0,456,0,300,156,0,594,252,0,264,312,96,0,588,0,324,612,0,0,3360,0,0,0,0,0,0
6642,288,0,324,306,0,0,444,1602.29037691367,0,0,528,360,0,528,0,480,0,564,156,0,702,270,0,252,504,156,0,648,0,564,612,0,0,2814,0,0,0,0,0,0
6642,444,0,366,244.8,0,0,360,1482.71646818877,0,0,432,408,0,684,0,432,0,456,276,0,576,432,0,252,312,96,0,576,0,432,594,0,0,2604,0,0,0,0,0,0
6642,228,0,258,244.8,0,0,378,1506.63124993375,0,0,468,324,0,696,0,552,0,288,132,0,378,288,0,396,456,132,0,324,0,420,630,0,0,2184,0,0,0,0,0,0
6642,192,0,186,153,0,0,354,1482.71646818877,0,0,528,456,0,708,0,648,0,576,156,0,666,522,0,444,468,120,0,468,0,540,468,0,0,3360,0,103.2,0,0,0,0
6642,396,0,336,234.6,0,0,396,1506.63124993375,0,0,516,564,0,756,0,504,0,624,180,0,792,234,0,768,492,120,0,456,0,516,468,0,0,2772,0,0,0,0,0,0
6642,288,0,288,244.8,0,0,408,1482.71646818877,0,0,528,504,0,888,0,528,0,612,264,0,1008,468,0,756,468,204,0,504,0,420,432,0,0,2058,0,51.6,0,0,0,0
6642,396,0,426,387.6,0,0,564,1769.69384912853,0,0,672,420,0,876,0,624,0,696,192,0,1098,396,0,660,516,204,0,648,0,492,576,0,0,3192,0,0,0,0,0,0
6642,372,0,432,418.2,0,0,468,1769.69384912853,0,0,444,636,0,840,0,612,0,624,204,0,756,270,0,408,420,180,0,948,0,612,720,0,0,3108,0,51.6,0,0,0,0
6642,264,0,342,357,0,0,546,1650.11994040363,0,0,672,612,0,732,0,600,0,444,180,0,540,378,0,444,456,180,0,648,0,444,594,0,0,2898,0,0,0,0,0,0
6642,360,0,306,214.2,0,0,414,1697.94950389359,0,0,576,696,0,648,0,600,0,480,180,0,612,360,0,276,384,264,0,624,0,480,648,0,0,2646,0,51.6,0,0,0,0
6642,312,0,264,183.6,0,0,408,1626.20515865865,0,0,600,552,0,528,0,624,0,336,144,0,540,234,0,240,444,108,0,756,0,420,414,0,0,2604,0,0,0,0,0,0
6588,312,0,294,234.6,0,0,378,1506.63124993375,0,0,480,408,0,624,0,552,0,396,204,0,558,144,0,288,504,144,0,660,0,504,630,0,0,3066,0,51.6,0,0,0,0
6588,420,0,396,316.2,0,0,372,1506.63124993375,0,0,372,432,0,720,0,708,0,228,228,0,414,288,0,360,348,120,0,600,0,468,774,0,0,2478,0,0,0,0,0,0
6588,384,0,336,244.8,0,0,354,1578.37559516869,0,0,420,468,0,648,0,552,0,420,276,0,486,270,0,180,408,192,0,684,0,564,684,0,0,3108,0,51.6,0,0,0,0
6588,192,0,252,265.2,0,0,378,1458.80168644379,0,0,444,408,0,648,0,504,0,420,96,0,396,216,0,228,396,192,0,648,0,492,540,0,0,2520,0,0,0,0,0,0
6588,312,0,354,336.6,0,0,384,1410.97212295383,0,0,372,372,0,540,0,624,0,600,144,0,414,306,0,216,456,156,0,648,0,660,468,0,0,2562,0,51.6,0,0,0,0
6588,240,0,234,193.8,0,0,276,1387.05734120885,0,0,324,348,0,636,0,504,0,420,264,0,450,342,0,312,312,168,0,468,0,600,522,0,0,3024,0,0,0,0,0,0
6588,216,0,156,81.6,0,0,180,1434.88690469881,0,0,264,468,0,492,0,372,0,432,192,0,378,378,0,168,396,96,0,420,0,408,540,0,0,2436,0,1083.6,0,0,0,0
6588,312,0,282,214.2,0,0,360,1434.88690469881,0,0,468,516,0,564,0,372,0,588,168,0,540,450,0,276,552,108,0,828,0,516,468,0,0,2688,0,3147.6,0,0,0,0
6588,252,0,258,224.4,0,0,372,1387.05734120885,0,0,480,372,0,480,0,312,0,540,132,0,360,504,0,192,336,228,0,696,0,756,702,0,0,2856,0,1290,0,0,0,0
6588,252,0,366,408,0,0,498,1387.05734120885,0,0,516,372,0,876,0,480,0,396,156,0,450,414,0,216,468,84,0,444,0,504,774,0,0,3444,0,361.2,0,0,0,0
6588,204,0,228,214.2,0,0,330,1387.05734120885,0,0,408,312,0,432,0,528,0,444,168,0,360,306,0,156,384,84,0,444,0,456,558,0,0,2646,0,0,0,0,0,0
6588,264,0,222,153,0,0,384,1291.39821422893,0,0,588,372,0,720,0,432,0,504,192,0,504,306,0,276,408,108,0,504,0,648,396,0,0,2226,0,51.6,0,0,0,0
6691,288,0,240,163.2,0,0,330,1243.56865073897,0,0,468,276,0,588,0,432,0,432,204,0,396,432,0,204,288,204,0,432,0,372,486,0,0,2772,0,103.2,0,0,0,0
6691,288,0,210,112.2,0,0,258,1219.65386899399,0,0,384,408,0,552,0,348,0,324,372,0,378,342,0,168,168,132,0,420,0,420,594,0,0,2814,0,154.8,0,0,0,0
6691,156,0,192,193.8,0,0,306,1267.48343248395,0,0,384,372,0,684,0,336,0,468,180,0,540,378,0,204,276,204,0,444,0,420,396,0,0,2520,0,1083.6,0,0,0,0
6691,228,0,198,142.8,0,0,234,1291.39821422893,0,0,300,384,0,696,0,504,0,312,192,0,378,432,0,204,276,240,0,492,0,228,612,0,0,2394,0,2425.2,0,0,0,0
6691,228,0,240,214.2,0,0,282,1267.48343248395,0,0,312,336,0,324,0,468,0,492,204,0,342,288,0,276,300,96,0,432,0,192,594,0,0,2184,0,3302.4,0,0,0,0
6691,168,0,156,122.4,0,0,186,1267.48343248395,0,0,228,396,0,540,0,384,0,528,300,0,432,198,0,288,240,216,0,456,0,432,648,0,0,2520,0,3560.4,0,0,0,0
6691,156,0,156,132.6,0,0,240,1028.33561503415,0,0,324,300,0,600,0,468,0,360,156,0,252,324,0,252,312,132,0,432,0,384,738,0,0,3150,0,2631.6,0,0,0,0
6691,156,0,162,142.8,0,0,258,1123.99474201406,0,0,348,396,0,492,0,372,0,288,240,0,162,540,0,252,360,192,0,276,0,372,612,0,0,2226,0,3096,0,0,0,0
6691,168,0,186,173.4,0,0,246,1123.99474201406,0,0,288,384,0,516,0,480,0,468,252,0,360,306,0,216,372,204,0,372,0,396,396,0,0,2982,0,3508.8,0,0,0,0
6691,144,0,198,214.2,0,0,276,1100.07996026909,0,0,300,396,0,516,0,432,0,252,192,0,540,342,0,192,288,108,0,384,0,444,684,0,0,2562,0,4489.2,0,0,0,0
6691,84,0,108,112.2,0,0,246,1123.99474201406,0,0,360,300,0,528,0,540,0,324,156,0,378,198,0,192,276,120,0,732,0,216,306,0,0,1722,0,2528.4,0,0,0,0
6691,96,0,144,163.2,0,0,192,1052.25039677912,0,0,192,132,0,348,0,408,0,300,180,0,414,270,0,144,492,108,0,516,0,132,270,0,0,2436,0,2322,0,0,0,0
6146,192,0,192,163.2,0,0,258,956.591269799206,0,0,324,396,0,624,0,468,0,564,84,0,396,216,0,108,228,144,0,420,0,204,666,0,0,2562,0,3302.4,0,0,0,0
6146,252,0,210,142.8,0,0,318,956.591269799206,0,0,468,312,0,636,0,288,0,288,120,0,450,252,0,168,420,192,0,540,0,300,450,0,0,2058,0,2631.6,0,0,0,0
6146,120,0,210,255,0,0,336,1004.42083328917,0,0,372,336,0,384,0,432,0,348,144,0,396,180,0,84,288,120,0,576,0,408,414,0,0,1848,0,1909.2,0,0,0,0
6146,156,0,258,306,0,0,336,956.591269799206,0,0,312,240,0,408,0,432,0,240,240,0,630,162,0,120,444,120,0,480,0,264,306,0,0,2058,0,3147.6,0,0,0,0
6146,108,0,180,214.2,0,0,276,908.761706309243,0,0,300,360,0,456,0,492,0,420,180,0,306,198,0,120,228,120,0,348,0,336,576,0,0,2058,0,2322,0,0,0,0
6146,108,0,144,153,0,0,246,908.761706309243,0,0,312,432,0,276,0,540,0,324,84,0,612,162,0,132,336,168,0,480,0,324,594,0,0,2814,0,3250.8,0,0,0,0
6146,120,0,180,204,0,0,300,908.761706309243,0,0,360,216,0,408,0,336,0,192,192,0,504,144,0,192,420,84,0,408,0,288,504,0,0,2310,0,2580,0,0,0,0
6146,156,0,246,285.6,0,0,312,908.761706309243,0,0,288,300,0,252,0,408,0,264,96,0,396,306,0,72,252,180,0,456,0,312,216,0,0,1974,0,2786.4,0,0,0,0
6146,144,0,192,204,0,0,264,932.676488054227,0,0,288,348,0,396,0,336,0,360,156,0,468,198,0,60,204,36,0,408,0,312,342,0,0,2436,0,2064,0,0,0,0
6146,120,0,132,122.4,0,0,174,837.017361074303,0,0,204,360,0,324,0,444,0,432,144,0,378,252,0,132,348,84,0,444,0,144,450,0,0,2436,0,3096,0,0,0,0
6146,192,0,144,81.6,0,0,198,765.273015839363,0,0,300,300,0,300,0,396,0,276,156,0,702,378,0,84,384,72,0,372,0,456,342,0,0,2604,0,3405.6,0,0,0,0
6146,132,0,168,173.4,0,0,234,813.102579329325,0,0,264,336,0,444,0,360,0,156,144,0,342,216,0,168,228,132,0,396,0,324,504,0,0,2940,0,2786.4,0,0,0,0
4253,120,0,150,153,0,0,240,837.017361074303,0,0,300,300,0,384,0,252,0,204,108,0,450,90,0,132,324,96,0,288,0,288,468,0,0,2520,0,2683.2,0,0,0,0
4253,84,0,180,234.6,0,0,240,860.932142819287,0,0,204,252,0,360,0,264,0,288,132,0,324,144,0,72,348,84,0,432,0,180,396,0,0,3486,0,2476.8,0,0,0,0
4253,108,0,168,193.8,0,0,210,789.187797584347,0,0,192,264,0,336,0,360,0,228,120,0,558,180,0,144,240,144,0,360,0,312,252,0,0,2520,0,3508.8,0,0,0,0
4253,48,0,144,204,0,0,198,765.273015839363,0,0,156,192,0,384,0,516,0,252,180,0,360,234,0,132,156,36,0,348,0,264,450,0,0,2226,0,3405.6,0,0,0,0
4253,48,0,156,224.4,0,0,282,717.443452349407,0,0,300,288,0,264,0,384,0,312,120,0,468,198,0,48,372,84,0,240,0,288,324,0,0,2142,0,2270.4,0,0,0,0
4253,168,0,144,102,0,0,204,813.102579329325,0,0,288,312,0,240,0,360,0,264,84,0,378,288,0,96,228,108,0,252,0,228,450,0,0,2688,0,2425.2,0,0,0,0
4253,36,0,96,132.6,0,0,174,717.443452349407,0,0,192,312,0,264,0,300,0,252,144,0,396,234,0,48,264,72,0,384,0,336,288,0,0,3192,0,2012.4,0,0,0,0
4253,96,0,138,153,0,0,210,765.273015839363,0,0,240,336,0,348,0,360,0,264,132,0,612,252,0,96,264,72,0,336,0,324,522,0,0,2436,0,2580,0,0,0,0
4253,96,0,126,132.6,0,0,168,765.273015839363,0,0,180,408,0,288,0,384,0,324,84,0,810,324,0,84,216,156,0,312,0,264,378,0,0,3486,0,3302.4,0,0,0,0
4253,120,0,120,102,0,0,168,741.358234094385,0,0,216,312,0,324,0,228,0,276,84,0,558,252,0,144,408,120,0,420,0,456,648,0,0,2352,0,3508.8,0,0,0,0
4253,120,0,114,91.8,0,0,144,717.443452349407,0,0,180,288,0,384,0,240,0,180,60,0,684,216,0,108,360,60,0,432,0,264,468,0,0,3108,0,2167.2,0,0,0,0
4253,120,0,114,91.8,0,0,168,645.699107114461,0,0,228,384,0,252,0,336,0,324,120,0,576,216,0,168,120,96,0,288,0,324,306,0,0,2940,0,2476.8,0,0,0,0
3999,96,0,108,102,0,0,168,645.699107114461,0,0,216,396,0,312,0,384,0,216,216,0,396,288,0,60,264,84,0,204,0,192,522,0,0,1974,0,2476.8,0,0,0,0
3999,192,0,186,153,0,0,192,669.613888859445,0,0,204,372,0,276,0,240,0,324,108,0,396,306,0,96,300,120,0,348,0,324,342,0,0,1890,0,2992.8,0,0,0,0
3999,36,0,72,91.8,0,0,144,621.784325369483,0,0,180,300,0,348,0,204,0,276,48,0,630,144,0,120,216,96,0,252,0,564,576,0,0,2898,0,2734.8,0,0,0,0
3999,72,0,102,112.2,0,0,174,645.699107114461,0,0,216,264,0,300,0,336,0,204,120,0,252,306,0,108,276,132,0,276,0,564,342,0,0,2394,0,2580,0,0,0,0
3999,96,0,102,91.8,0,0,132,550.039980134543,0,0,156,288,0,300,0,348,0,276,144,0,396,162,0,60,168,72,0,240,0,576,396,0,0,1764,0,2270.4,0,0,0,0
3999,108,0,114,102,0,0,132,597.869543624503,0,0,144,240,0,168,0,312,0,168,96,0,270,144,0,132,204,132,0,336,0,468,288,0,0,1722,0,2528.4,0,0,0,0
3999,84,0,102,102,0,0,168,597.869543624503,0,0,216,216,0,384,0,252,0,192,72,0,414,216,0,120,192,120,0,180,0,408,486,0,0,1974,0,2064,0,0,0,0
3999,120,0,120,102,0,0,156,645.699107114461,0,0,192,312,0,276,0,204,0,156,96,0,234,162,0,144,276,72,0,252,0,300,432,0,0,2142,0,2941.2,0,0,0,0
3999,120,0,114,91.8,0,0,162,573.954761879523,0,0,216,372,0,288,0,216,0,192,96,0,306,108,0,72,252,36,0,156,0,300,270,0,0,2100,0,2373.6,0,0,0,0
3999,72,0,96,102,0,0,114,597.869543624503,0,0,108,216,0,360,0,216,0,168,156,0,144,90,0,108,204,96,0,216,0,96,360,0,0,1890,0,2425.2,0,0,0,0
3999,84,0,120,132.6,0,0,168,526.125198389563,0,0,180,252,0,276,0,240,0,156,120,0,234,72,0,96,144,96,0,168,0,336,432,0,0,1974,0,1599.6,0,0,0,0
3999,48,0,90,112.2,0,0,174,478.295634899603,0,0,216,156,0,228,0,276,0,180,96,0,288,36,0,60,192,60,0,144,0,192,216,0,0,2142,0,2476.8,0,0,0,0
3627,72,0,84,81.6,0,0,108,430.466071409642,0,0,120,132,0,276,0,180,0,144,84,0,54,108,0,72,168,96,0,192,0,180,234,0,0,1428,0,1909.2,0,0,0,0
3627,72,0,78,71.4,0,0,114,406.551289664663,0,0,144,228,0,264,0,120,0,216,168,0,216,162,0,48,120,84,0,168,0,180,306,0,0,1008,0,1857.6,0,0,0,0
3627,72,0,66,51,0,0,126,406.551289664663,0,0,192,168,0,156,0,264,0,216,72,0,144,72,0,108,120,36,0,228,0,204,180,0,0,798,0,1444.8,0,0,0,0
3627,144,0,108,61.2,0,0,96,382.636507919682,0,0,120,120,0,180,0,144,0,132,60,0,144,72,0,72,132,84,0,144,0,120,162,0,0,1008,0,1806,0,0,0,0
3627,96,0,78,51,0,0,66,358.721726174702,0,0,72,192,0,84,0,168,0,120,132,0,180,162,0,84,132,96,0,156,0,132,252,0,0,756,0,1806,0,0,0,0
3627,120,0,84,40.8,0,0,78,334.806944429722,0,0,108,84,0,204,0,168,0,168,36,0,180,36,0,72,120,36,0,204,0,84,180,0,0,798,0,1290,0,0,0,0
3627,72,0,90,91.8,0,0,138,334.806944429722,0,0,168,96,0,144,0,168,0,84,72,0,180,54,0,108,240,84,0,96,0,132,162,0,0,672,0,1290,0,0,0,0
3627,60,0,60,51,0,0,96,334.806944429722,0,0,132,96,0,168,0,180,0,156,36,0,216,144,0,60,156,96,0,84,0,120,288,0,0,1260,0,1444.8,0,0,0,0
3627,84,0,66,40.8,0,0,36,310.892162684741,0,0,24,48,0,240,0,144,0,72,132,0,180,36,0,72,96,48,0,120,0,252,126,0,0,1134,0,1032,0,0,0,0
3627,72,0,48,20.4,0,0,18,286.977380939761,0,0,12,120,0,180,0,108,0,108,108,0,270,18,0,48,168,84,0,120,0,168,108,0,0,588,0,1238.4,0,0,0,0
3627,48,0,48,40.8,0,0,48,286.977380939761,0,0,48,84,0,156,0,96,0,96,36,0,144,108,0,60,96,24,0,120,0,144,180,0,0,1008,0,1083.6,0,0,0,0
3627,84,0,84,71.4,0,0,72,286.977380939761,0,0,60,120,0,84,0,132,0,132,24,0,144,36,0,72,132,60,0,132,0,168,54,0,0,798,0,1393.2,0,0,0,0
2742,12,0,48,71.4,0,0,84,263.062599194782,0,0,84,84,0,156,0,72,0,84,60,0,180,0,0,48,84,36,0,120,0,84,144,0,0,462,0,980.4,0,0,0,0
2742,36,0,54,61.2,0,0,60,263.062599194782,0,0,48,72,0,144,0,48,0,96,48,0,126,18,0,12,108,72,0,120,0,132,234,0,0,714,0,1599.6,0,0,0,0
2742,36,0,48,51,0,0,78,239.147817449801,0,0,96,24,0,132,0,108,0,36,12,0,108,108,0,24,108,24,0,60,0,72,90,0,0,882,0,670.8,0,0,0,0
2742,36,0,42,40.8,0,0,30,215.233035704822,0,0,12,60,0,72,0,72,0,84,0,0,144,0,0,24,84,24,0,60,0,84,162,0,0,546,0,980.4,0,0,0,0
2742,84,0,60,30.6,0,0,30,191.318253959841,0,0,24,60,0,84,0,72,0,108,60,0,198,54,0,24,60,36,0,84,0,36,72,0,0,504,0,825.6,0,0,0,0
2742,24,0,12,0,0,0,18,191.318253959841,0,0,36,60,0,120,0,48,0,120,48,0,108,36,0,36,36,48,0,60,0,48,144,0,0,294,0,774,0,0,0,0
2742,12,0,54,81.6,0,0,66,267.321395943887,0,0,36,72,0,84,0,36,0,60,0,0,108,36,0,36,84,0,0,36,0,12,90,0,0,420,0,774,0,0,0,0
2742,12,0,12,10.2,0,0,12,267.321395943887,0,0,12,96,0,84,0,36,0,60,24,0,126,18,0,24,72,36,0,36,0,72,72,0,0,252,0,877.2,0,0,0,0
2742,60,0,60,51,0,0,48,267.321395943887,0,0,36,48,0,108,0,48,0,120,36,0,198,0,0,24,36,12,0,96,0,72,90,0,0,504,0,928.8,0,0,0,0
2742,36,0,36,30.6,0,0,30,267.321395943887,0,0,24,36,0,144,0,24,0,96,48,0,108,18,0,0,96,12,0,48,0,60,90,0,0,546,0,309.6,0,0,0,0
2742,24,0,24,20.4,0,0,30,233.906221450901,0,0,36,12,0,12,0,60,0,36,12,0,126,0,0,24,72,12,0,36,0,36,126,0,0,336,0,877.2,0,0,0,0
2742,36,0,24,10.2,0,0,24,200.491046957916,0,0,36,12,0,60,0,36,0,60,0,0,54,0,0,24,108,12,0,24,0,48,90,0,0,210,0,361.2,0,0,0,0
100,36,0,30,20.4,0,0,42,200.491046957916,0,0,60,12,0,72,0,36,0,24,24,0,54,18,0,60,24,12,0,60,0,60,72,0,0,240,0,206.4,0,0,0,0
