100,60,0,54,40.8,0,0,42,200.491046957916,0,0,36,48,0,144,0,60,0,24,36,0,60,54,0,12,48,12,0,36,0,12,18,0,0,312,0,96,0,0,0,0
100,48,0,36,20.4,0,0,36,200.491046957916,0,0,48,60,0,96,0,36,0,84,24,0,72,0,0,24,24,36,0,60,0,12,54,0,0,144,0,192,0,0,0,0
100,24,0,24,20.4,0,0,24,200.491046957916,0,0,24,24,0,60,0,60,0,24,12,0,156,0,0,0,72,36,0,12,0,84,54,0,0,240,0,216,0,0,0,0
100,12,0,18,20.4,0,0,54,167.07587246493,0,0,84,24,0,48,0,60,0,12,12,0,0,54,0,0,12,24,0,36,0,108,126,0,0,216,0,192,0,0,0,0
100,12,0,24,30.6,0,0,30,133.660697971944,0,0,24,36,0,84,0,48,0,12,24,0,36,18,0,12,12,0,0,24,0,36,90,0,0,312,0,432,0,0,0,0
100,12,0,18,20.4,0,0,66,133.660697971944,0,0,108,12,0,24,0,24,0,24,0,0,60,18,0,0,12,0,0,24,0,0,54,0,0,48,0,288,0,0,0,0
100,12,0,18,20.4,0,0,18,133.660697971944,0,0,12,24,0,48,0,48,0,60,0,0,72,18,0,36,36,24,0,12,0,12,36,0,0,144,0,216,0,0,0,0
100,12,0,36,51,0,0,36,167.07587246493,0,0,12,48,0,96,0,36,0,12,0,0,36,54,0,84,24,24,0,24,0,60,108,0,0,48,0,48,0,0,0,0
100,48,0,54,51,0,0,66,133.660697971944,0,0,72,12,0,12,0,24,0,24,36,0,0,54,0,0,36,12,0,36,0,24,72,0,0,120,0,144,0,0,0,0
100,12,0,18,20.4,0,0,24,133.660697971944,0,0,24,0,0,48,0,48,0,12,36,0,0,0,0,24,24,24,0,24,0,60,72,0,0,120,0,120,0,0,0,0
100,12,0,36,51,0,0,30,133.660697971944,0,0,0,12,0,12,0,0,0,48,0,0,24,0,0,12,0,12,0,36,0,48,36,0,0,168,0,96,0,0,0,0
1038,12,0,30,40.8,0,0,36,133.660697971944,0,0,24,48,0,48,0,24,0,0,0,0,36,0,0,12,72,12,0,24,0,36,36,0,0,168,0,96,0,0,0,0
1038,12,0,18,20.4,0,0,18,133.660697971944,0,0,12,24,0,12,0,36,0,0,48,0,24,0,0,24,24,12,0,60,0,48,36,0,0,24,0,72,0,0,0,0
1038,12,0,30,40.8,0,0,24,133.660697971944,0,0,0,12,0,48,0,24,0,12,12,0,12,0,0,0,24,12,0,12,0,72,18,0,0,120,0,72,0,0,0,0
1038,0,0,12,20.4,0,0,18,133.660697971944,0,0,12,12,0,0,0,24,0,12,0,0,12,0,0,12,36,24,0,36,0,36,36,0,0,48,0,72,0,0,0,0
1038,48,0,30,10.2,0,0,18,133.660697971944,0,0,24,12,0,24,0,12,0,12,0,0,36,18,0,36,0,12,0,12,0,36,90,0,0,144,0,96,0,0,0,0
1038,36,0,36,30.6,0,0,18,133.660697971944,0,0,0,24,0,36,0,12,0,0,12,0,0,0,0,12,24,12,0,24,0,24,18,0,0,72,0,168,0,0,0,0
1038,0,0,6,10.2,0,0,12,133.660697971944,0,0,12,0,0,36,0,24,0,12,24,0,0,18,0,0,24,12,0,24,0,0,36,0,0,120,0,96,0,0,0,0
1038,12,0,30,40.8,0,0,48,100.245523478958,0,0,48,24,0,24,0,24,0,24,0,0,24,0,0,12,12,36,0,24,0,36,0,0,0,72,0,96,0,0,0,0
1038,12,0,30,40.8,0,0,30,133.660697971944,0,0,12,0,0,36,0,48,0,48,24,0,24,0,0,12,24,0,0,0,0,24,36,0,0,72,0,120,0,0,0,0
1038,24,0,42,51,0,0,36,66.8303489859719,0,0,12,12,0,24,0,12,0,36,12,0,12,0,0,12,0,0,0,12,0,36,18,0,0,216,0,96,0,0,0,0
1038,12,0,18,20.4,0,0,24,66.8303489859719,0,0,24,0,0,36,0,12,0,24,0,0,24,0,0,12,12,12,0,24,0,12,54,0,0,24,0,96,0,0,0,0
1038,0,0,6,10.2,0,0,12,100.245523478958,0,0,12,0,0,36,0,24,0,12,12,0,48,0,0,0,0,36,0,12,0,36,36,0,0,96,0,48,0,0,0,0
764,12,0,12,10.2,0,0,6,66.8303489859719,0,0,0,12,0,36,0,12,0,24,0,0,12,0,0,24,60,0,0,36,0,12,36,0,0,48,0,48,0,0,0,0
764,0,0,36,61.2,0,0,42,133.660697971944,0,0,12,0,0,36,0,0,0,24,0,0,12,0,0,24,0,12,0,48,0,0,18,0,0,48,0,72,0,0,0,0
764,0,0,6,10.2,0,0,6,100.245523478958,0,0,0,0,0,72,0,12,0,12,0,0,24,18,0,12,60,24,0,0,0,12,18,0,0,48,0,72,0,0,0,0
764,12,0,6,0,0,0,0,66.8303489859719,0,0,0,24,0,36,0,0,0,0,0,0,0,0,0,0,0,0,0,36,0,12,18,0,0,72,0,120,0,0,0,0
764,0,0,12,20.4,0,0,24,66.8303489859719,0,0,24,12,0,12,0,48,0,36,12,0,0,18,0,12,12,0,0,12,0,24,18,0,0,192,0,72,0,0,0,0
764,48,0,48,40.8,0,0,48,66.8303489859719,0,0,48,12,0,24,0,12,0,24,0,0,36,0,0,0,12,12,0,12,0,0,18,0,0,72,0,24,0,0,0,0
764,0,0,6,10.2,0,0,6,66.8303489859719,0,0,0,24,0,0,0,0,0,12,0,0,24,0,0,0,24,12,0,12,0,0,0,0,0,24,0,96,0,0,0,0
764,12,0,6,0,0,0,6,66.8303489859719,0,0,12,0,0,12,0,24,0,12,0,0,12,0,0,24,0,0,0,12,0,72,18,0,0,48,0,72,0,0,0,0
764,24,0,30,30.6,0,0,30,66.8303489859719,0,0,24,12,0,36,0,12,0,12,0,0,12,18,0,0,36,12,0,24,0,36,18,0,0,96,0,48,0,0,0,0
764,36,0,18,0,0,0,6,100.245523478958,0,0,12,12,0,48,0,12,0,36,24,0,12,0,0,0,12,0,0,0,0,12,18,0,0,24,0,96,0,0,0,0
764,0,0,0,0,0,0,6,100.245523478958,0,0,12,12,0,24,0,12,0,0,12,0,0,18,0,36,24,0,0,12,0,24,0,0,0,48,0,48,0,0,0,0
764,0,0,18,30.6,0,0,18,100.245523478958,0,0,0,0,0,72,0,24,0,0,12,0,12,18,0,0,24,0,0,60,0,36,18,0,0,0,0,24,0,0,0,0
752,0,0,6,10.2,0,0,6,141.523091970293,0,0,0,0,0,24,0,0,0,12,0,0,0,0,0,0,24,0,0,24,0,12,18,0,0,24,0,96,0,0,0,0
752,0,0,0,0,0,0,0,141.523091970293,0,0,0,12,0,0,0,36,0,24,12,0,0,18,0,0,24,12,0,12,0,60,0,0,0,72,0,120,0,0,0,0
752,36,0,30,20.4,0,0,24,141.523091970293,0,0,24,24,0,24,0,24,0,0,12,0,0,0,0,0,12,12,0,60,0,12,18,0,0,72,0,72,0,0,0,0
752,12,0,36,51,0,0,30,141.523091970293,0,0,0,24,0,24,0,0,0,0,0,0,36,0,0,0,12,12,0,0,0,12,0,0,0,0,0,168,0,0,0,0
752,24,0,42,51,0,0,30,141.523091970293,0,0,0,0,0,48,0,12,0,36,0,0,12,0,0,0,36,24,0,12,0,12,18,0,0,48,0,72,0,0,0,0
752,36,0,36,30.6,0,0,30,141.523091970293,0,0,24,0,0,48,0,24,0,36,12,0,24,0,0,12,24,0,0,0,0,48,36,0,0,48,0,96,0,0,0,0
752,12,0,12,10.2,0,0,18,141.523091970293,0,0,24,24,0,24,0,36,0,0,0,0,0,0,0,12,0,0,0,0,0,0,18,0,0,72,0,72,0,0,0,0
752,24,0,48,61.2,0,0,42,176.903864962867,0,0,12,24,0,60,0,24,0,12,12,0,12,0,0,12,12,12,0,12,0,24,180,0,0,48,0,24,0,0,0,0
752,24,0,60,81.6,0,0,48,212.28463795544,0,0,0,48,0,12,0,36,0,36,0,0,12,18,0,0,24,0,0,12,0,24,36,0,0,48,0,96,0,0,0,0
752,72,0,66,51,0,0,42,212.28463795544,0,0,24,12,0,24,0,0,0,36,12,0,0,0,0,0,24,0,0,24,0,48,54,0,0,72,0,120,0,0,0,0
752,60,0,42,20.4,0,0,18,247.665410948013,0,0,12,24,0,12,0,12,0,24,36,0,12,18,0,0,24,0,0,12,0,48,90,0,0,72,0,96,0,0,0,0
752,36,0,30,20.4,0,0,12,283.046183940587,0,0,0,24,0,96,0,24,0,24,36,0,24,0,0,0,36,0,0,12,0,24,144,0,0,96,0,0,0,0,0,0
1175,48,0,48,40.8,0,0,30,318.426956933161,0,0,12,36,0,48,0,0,0,12,0,0,12,0,0,12,36,0,0,12,0,0,54,0,0,48,0,120,0,0,0,0
1175,48,0,42,30.6,0,0,24,318.426956933161,0,0,12,48,0,84,0,12,0,36,48,0,36,18,0,12,24,0,0,24,0,36,18,0,0,72,0,144,0,0,0,0
1175,84,0,60,30.6,0,0,48,353.807729925733,0,0,60,12,0,84,0,24,0,36,12,0,36,18,0,12,12,24,0,0,0,48,18,0,0,144,0,72,0,0,0,0
1175,36,0,84,112.2,0,0,84,424.56927591088,0,0,36,12,0,60,0,12,0,60,48,0,12,0,0,60,24,0,0,12,0,36,54,0,0,96,0,216,0,0,0,0
1175,84,0,66,40.8,0,0,30,424.56927591088,0,0,12,24,0,96,0,48,0,36,12,0,0,54,0,24,36,24,0,0,0,12,18,0,0,120,0,144,0,0,0,0
1175,96,0,114,112.2,0,0,78,424.56927591088,0,0,24,36,0,156,0,108,0,60,36,0,24,0,0,0,96,36,0,24,0,48,180,0,0,96,0,192,0,0,0,0
1175,60,0,30,0,0,0,12,1264.18471323145,0,0,24,48,0,108,0,36,0,48,0,0,24,108,0,24,72,12,0,0,0,48,90,0,0,96,0,192,0,0,0,0
1175,132,0,126,102,0,0,90,1264.18471323145,0,0,60,60,0,156,0,60,0,60,48,0,48,54,0,36,36,12,0,24,0,24,72,0,0,264,0,192,0,0,0,0
1175,60,0,90,102,0,0,72,1264.18471323145,0,0,24,24,0,144,0,48,0,84,24,0,84,18,0,36,84,12,0,0,0,60,126,0,0,144,0,144,0,0,0,0
1175,48,0,78,91.8,0,0,96,1405.3627015111,0,0,84,24,0,132,0,144,0,108,84,0,24,90,0,36,48,24,0,24,0,96,36,0,0,192,0,384,0,0,0,0
1175,96,0,114,112.2,0,0,102,1405.3627015111,0,0,72,36,0,120,0,120,0,48,72,0,60,90,0,24,60,48,0,36,0,72,144,0,0,312,0,336,0,0,0,0
1175,72,0,102,112.2,0,0,96,1405.3627015111,0,0,60,36,0,168,0,48,0,72,120,0,84,54,0,108,144,0,0,96,0,24,144,0,0,120,0,120,0,0,0,0
3309,108,0,120,112.2,0,0,90,1360.44243251303,0,0,48,156,0,168,0,96,0,84,60,0,36,54,0,36,60,12,0,36,0,84,198,0,0,288,0,288,0,0,0,0
3309,96,0,138,153,0,0,120,1360.44243251303,0,0,60,24,0,180,0,108,0,84,132,0,108,126,0,24,84,12,0,48,0,120,198,0,0,312,0,240,0,0,0,0
3309,108,0,126,122.4,0,0,108,1360.44243251303,0,0,72,180,0,132,0,132,0,108,48,0,24,54,0,84,96,24,0,72,0,180,108,0,0,312,0,432,0,0,0,0
3309,168,0,210,214.2,0,0,186,1722.65666506891,0,0,120,144,0,168,0,204,0,156,48,0,60,162,0,72,84,12,0,60,0,84,108,0,0,432,0,480,0,0,0,0
3309,228,0,216,173.4,0,0,150,1722.65666506891,0,0,96,156,0,144,0,180,0,168,180,0,84,108,0,132,192,60,0,132,0,72,234,0,0,528,0,504,0,0,0,0
3309,276,0,294,265.2,0,0,210,1722.65666506891,0,0,108,132,0,276,0,216,0,168,180,0,48,162,0,132,144,36,0,72,0,132,90,0,0,504,0,504,0,0,0,0
3309,252,0,246,204,0,0,186,1851.00029077769,0,0,132,108,0,348,0,156,0,168,156,0,60,216,0,48,156,96,0,48,0,96,306,0,0,336,0,480,0,0,0,0
3309,228,0,288,295.8,0,0,228,1851.00029077769,0,0,108,228,0,384,0,180,0,180,132,0,96,126,0,96,288,96,0,96,0,144,198,0,0,696,0,552,0,0,0,0
3309,384,0,402,357,0,0,342,1851.00029077769,0,0,264,168,0,372,0,324,0,144,192,0,84,198,0,180,204,84,0,120,0,144,216,0,0,672,0,576,0,0,0,0
3309,384,0,324,224.4,0,0,210,1928.00646620294,0,0,156,144,0,372,0,228,0,288,192,0,108,270,0,144,288,108,0,96,0,276,162,0,0,648,0,816,0,0,0,0
3309,300,0,348,336.6,0,0,306,1928.00646620294,0,0,216,132,0,288,0,264,0,300,168,0,72,252,0,84,216,24,0,120,0,228,144,0,0,816,0,504,0,0,0,0
3309,168,0,270,316.2,0,0,246,1928.00646620294,0,0,120,120,0,468,0,276,0,252,144,0,120,378,0,228,204,72,0,144,0,300,360,0,0,744,0,648,0,0,0,0
6973,384,0,384,326.4,0,0,276,1711.24834278368,0,0,168,156,0,384,0,360,0,312,204,0,132,306,0,204,348,108,0,84,0,228,414,0,0,504,0,816,0,0,0,0
6973,324,0,384,377.4,0,0,312,1711.24834278368,0,0,180,192,0,408,0,204,0,264,228,0,156,216,0,108,396,84,0,228,0,324,522,0,0,840,0,792,0,0,0,0
6973,600,0,486,316.2,0,0,276,1711.24834278368,0,0,180,264,0,612,0,324,0,192,192,0,156,288,0,180,396,48,0,144,0,276,360,0,0,1248,0,840,0,0,0,0
6973,672,0,528,326.4,0,0,288,1679.87545649932,0,0,192,180,0,360,0,276,0,312,348,0,132,378,0,144,348,96,0,120,0,288,468,0,0,1248,0,912,0,0,0,0
6973,540,0,462,326.4,0,0,294,1679.87545649932,0,0,204,168,0,552,0,348,0,324,348,0,204,396,0,276,384,132,0,276,0,372,360,0,0,912,0,840,0,0,0,0
6973,516,0,408,255,0,0,276,1679.87545649932,0,0,252,168,0,504,0,432,0,348,300,0,192,486,0,372,492,72,0,204,0,324,468,0,0,1152,0,1152,0,0,0,0
6973,528,0,432,285.6,0,0,264,1679.87545649932,0,0,192,228,0,528,0,516,0,456,216,0,132,450,0,372,492,84,0,204,0,456,450,0,0,1224,0,984,0,0,0,0
6973,552,0,498,377.4,0,0,366,1679.87545649932,0,0,288,216,0,756,0,552,0,348,264,0,180,774,0,384,576,144,0,216,0,396,522,0,0,1872,0,1392,0,0,0,0
6973,576,0,426,234.6,0,0,288,1679.87545649932,0,0,300,264,0,552,0,552,0,696,312,0,228,486,0,360,600,180,0,288,0,408,468,0,0,1104,0,1224,0,0,0,0
6973,756,0,624,418.2,0,0,426,1668.46713421409,0,0,360,372,0,612,0,660,0,372,312,0,288,828,0,420,636,132,0,300,0,540,504,0,0,1632,0,1152,0,0,0,0
6973,504,0,486,397.8,0,0,414,1668.46713421409,0,0,360,336,0,564,0,588,0,600,300,0,312,540,0,504,684,108,0,204,0,456,504,0,0,1584,0,1128,0,0,0,0
6973,636,0,534,367.2,0,0,402,1668.46713421409,0,0,372,324,0,588,0,612,0,468,468,0,240,684,0,420,648,192,0,204,0,612,666,0,0,1560,0,1128,0,0,0,0
7213,492,0,528,479.4,0,0,426,1668.46713421409,0,0,288,336,0,552,0,636,0,480,180,0,264,702,0,384,780,108,0,348,0,348,630,0,0,1896,0,816,0,0,0,0
7213,588,0,510,367.2,0,0,360,1668.46713421409,0,0,288,480,0,468,0,636,0,408,300,0,252,594,0,456,672,168,0,348,0,528,954,0,0,2328,0,1488,0,0,0,0
7213,636,0,510,326.4,0,0,324,1668.46713421409,0,0,264,348,0,636,0,672,0,432,336,0,192,702,0,588,720,168,0,324,0,372,504,0,0,1896,0,1320,0,0,0,0
7213,564,0,534,428.4,0,0,414,1702.69210106976,0,0,324,456,0,576,0,612,0,624,408,0,312,1206,0,900,756,276,0,348,0,384,540,0,0,1824,0,1176,0,0,0,0
7213,528,0,510,418.2,0,0,432,1702.69210106976,0,0,372,492,0,636,0,612,0,624,384,0,252,972,0,732,804,180,0,288,0,600,504,0,0,1776,0,1248,0,0,0,0
7213,504,0,528,469.2,0,0,492,1702.69210106976,0,0,432,492,0,792,0,696,0,540,312,0,228,882,0,876,1020,96,0,396,0,528,846,0,0,1944,0,1656,0,0,0,0
7213,732,0,570,346.8,0,0,402,1454.56109136613,0,0,396,504,0,660,0,732,0,576,372,0,312,936,0,732,744,312,0,324,0,744,756,0,0,2112,0,1488,0,0,0,0
7213,432,0,396,306,0,0,366,1454.56109136613,0,0,372,504,0,600,0,720,0,720,336,0,300,882,0,768,1020,276,0,420,0,600,864,0,0,1560,0,1704,0,0,0,0
7213,468,0,462,387.6,0,0,378,1454.56109136613,0,0,300,504,0,648,0,720,0,432,288,0,276,1080,0,804,948,168,0,516,0,684,1080,0,0,2376,0,1608,0,0,0,0
7213,372,0,492,520.2,0,0,456,1400.37156051131,0,0,300,480,0,492,0,756,0,480,336,0,420,918,0,840,1044,204,0,444,0,612,972,0,0,2472,0,1392,0,0,0,0
7213,480,0,522,479.4,0,0,438,1400.37156051131,0,0,312,372,0,660,0,672,0,408,360,0,432,774,0,744,888,216,0,408,0,552,1044,0,0,1896,0,1512,0,0,0,0
7213,360,0,366,316.2,0,0,366,1400.37156051131,0,0,360,360,0,540,0,564,0,432,360,0,228,972,0,804,912,264,0,420,0,660,540,0,0,1944,0,1392,0,0,0,0
7378,348,0,522,591.6,0,0,552,1309.10498222951,0,0,408,432,0,420,0,600,0,552,240,0,216,666,0,696,864,192,0,492,0,660,918,0,0,1968,0,1488,0,0,0,0
7378,396,0,366,285.6,0,0,360,1309.10498222951,0,0,384,444,0,480,0,552,0,444,324,0,396,918,0,648,708,348,0,384,0,552,702,0,0,1704,0,1248,0,0,0,0
7378,324,0,348,316.2,0,0,360,1309.10498222951,0,0,348,276,0,552,0,660,0,420,336,0,336,936,0,792,888,324,0,348,0,648,756,0,0,2280,0,1800,0,0,0,0
7378,324,0,324,275.4,0,0,300,1505.89854164964,0,0,276,348,0,672,0,624,0,516,348,0,336,720,0,732,840,216,0,396,0,672,864,0,0,2304,0,1728,0,0,0,0
7378,276,0,312,295.8,0,0,330,1505.89854164964,0,0,312,336,0,372,0,576,0,480,324,0,336,918,0,684,744,180,0,348,0,552,774,0,0,2328,0,1512,0,0,0,0
7378,300,0,294,244.8,0,0,300,1505.89854164964,0,0,312,348,0,432,0,600,0,552,324,0,372,540,0,744,780,132,0,360,0,444,540,0,0,1824,0,1512,0,0,0,0
7378,240,0,222,173.4,0,0,156,1505.89854164964,0,0,108,264,0,552,0,540,0,420,348,0,300,414,0,660,816,204,0,420,0,516,756,0,0,1656,0,936,0,0,0,0
7378,132,0,288,377.4,0,0,378,1505.89854164964,0,0,312,324,0,516,0,600,0,408,348,0,216,972,0,840,876,156,0,432,0,624,684,0,0,1440,0,1488,0,0,0,0
7378,156,0,222,244.8,0,0,270,1505.89854164964,0,0,252,372,0,576,0,396,0,396,360,0,336,846,0,720,840,156,0,324,0,588,576,0,0,2400,0,1800,0,0,0,0
7378,240,0,282,275.4,0,0,306,1443.15276908091,0,0,288,288,0,516,0,492,0,504,408,0,300,774,0,624,732,216,0,384,0,648,612,0,0,2160,0,1776,0,0,0,0
7378,252,0,306,306,0,0,300,1443.15276908091,0,0,240,408,0,588,0,612,0,456,276,0,204,774,0,684,612,156,0,396,0,408,504,0,0,1800,0,1536,0,0,0,0
7378,204,0,210,183.6,0,0,222,1443.15276908091,0,0,228,216,0,420,0,444,0,348,276,0,288,864,0,588,432,96,0,384,0,408,630,0,0,1752,0,1248,0,0,0,0
6718,180,0,228,234.6,0,0,288,1463.11733308005,0,0,300,372,0,480,0,264,0,360,276,0,204,792,0,516,600,228,0,276,0,324,558,0,0,1920,0,1152,0,0,0,0
6718,228,0,264,255,0,0,318,1463.11733308005,0,0,336,288,0,588,0,480,0,468,252,0,300,630,0,384,552,96,0,300,0,432,414,0,0,1728,0,1440,0,0,0,0
6718,144,0,204,224.4,0,0,252,1463.11733308005,0,0,240,324,0,540,0,528,0,408,252,0,240,504,0,432,468,180,0,372,0,372,594,0,0,1896,0,1488,0,0,0,0
6718,156,0,222,244.8,0,0,246,1371.85075479825,0,0,204,372,0,480,0,564,0,300,300,0,204,792,0,396,468,168,0,300,0,516,432,0,0,1632,0,1128,0,0,0,0
6718,156,0,210,224.4,0,0,270,1371.85075479825,0,0,276,276,0,576,0,348,0,648,300,0,144,558,0,348,576,180,0,384,0,432,522,0,0,1632,0,1296,0,0,0,0
6718,180,0,216,214.2,0,0,312,1371.85075479825,0,0,372,336,0,480,0,420,0,468,372,0,276,522,0,432,468,108,0,336,0,372,558,0,0,1416,0,1152,0,0,0,0
6718,180,0,228,234.6,0,0,306,1572.47879966992,0,0,336,336,0,480,0,288,0,444,276,0,204,468,0,240,468,240,0,240,0,432,522,0,0,1320,0,1488,0,0,0,0
6718,156,0,186,183.6,0,0,300,1509.57964768313,0,0,384,360,0,552,0,444,0,468,312,0,204,522,0,192,480,72,0,396,0,396,342,0,0,1368,0,1392,0,0,0,0
6718,168,0,258,295.8,0,0,330,1541.02922367653,0,0,312,372,0,480,0,384,0,432,300,0,96,522,0,252,516,120,0,516,0,384,504,0,0,1728,0,936,0,0,0,0
6718,180,0,186,163.2,0,0,240,1635.37795165672,0,0,288,312,0,396,0,504,0,552,324,0,336,630,0,264,552,156,0,336,0,432,702,0,0,1368,0,1272,0,0,0,0
6718,180,0,276,316.2,0,0,276,1635.37795165672,0,0,180,432,0,528,0,576,0,588,336,0,288,720,0,312,468,216,0,360,0,432,324,0,0,1224,0,864,0,0,0,0
6718,168,0,168,142.8,0,0,228,1509.57964768313,0,0,288,288,0,492,0,348,0,420,204,0,168,594,0,168,276,156,0,192,0,372,414,0,0,1440,0,1104,0,0,0,0
6864,240,0,264,244.8,0,0,300,1541.02922367653,0,0,312,264,0,300,0,408,0,468,288,0,192,414,0,216,300,156,0,552,0,384,720,0,0,1440,0,1344,0,0,0,0
6864,228,0,240,214.2,0,0,222,1572.47879966992,0,0,192,288,0,180,0,276,0,360,276,0,276,288,0,72,324,156,0,324,0,492,468,0,0,1392,0,1536,0,0,0,0
6864,192,0,270,295.8,0,0,354,1635.37795165672,0,0,360,480,0,348,0,384,0,456,264,0,348,414,0,216,432,96,0,312,0,264,630,0,0,1896,0,1248,0,0,0,0
6864,216,0,192,142.8,0,0,246,1572.47879966992,0,0,324,288,0,216,0,348,0,516,228,0,156,450,0,168,396,84,0,300,0,516,450,0,0,1824,0,1584,0,0,0,0
6864,252,0,282,265.2,0,0,318,1698.27710364352,0,0,324,276,0,540,0,384,0,456,336,0,204,414,0,156,540,156,0,336,0,384,648,0,0,2160,0,1104,0,0,0,0
6864,144,0,138,112.2,0,0,186,1572.47879966992,0,0,240,384,0,432,0,312,0,312,192,0,216,342,0,144,312,108,0,276,0,408,864,0,0,1920,0,1416,0,0,0,0
6864,216,0,216,183.6,0,0,258,1478.13007168973,0,0,300,396,0,432,0,336,0,372,192,0,300,234,0,156,456,132,0,288,0,480,306,0,0,2304,0,1656,0,0,0,0
6864,252,0,264,234.6,0,0,294,1635.37795165672,0,0,312,288,0,468,0,348,0,456,168,0,228,738,0,60,384,60,0,468,0,552,648,0,0,1824,0,936,0,0,0,0
6864,240,0,234,193.8,0,0,270,1603.92837566333,0,0,312,516,0,516,0,468,0,528,192,0,204,378,0,72,444,204,0,288,0,384,612,0,0,1200,0,1320,0,0,0,0
6864,240,0,258,234.6,0,0,324,1572.47879966992,0,0,372,276,0,324,0,324,0,420,204,0,276,450,0,156,276,84,0,420,0,492,504,0,0,2112,0,1056,0,0,0,0
6864,108,0,222,285.6,0,0,282,1635.37795165672,0,0,228,408,0,408,0,456,0,516,300,0,252,288,0,252,156,144,0,432,0,324,594,0,0,1392,0,1392,0,0,0,0
6864,180,0,252,275.4,0,0,318,1635.37795165672,0,0,312,360,0,348,0,384,0,384,288,0,228,558,0,264,396,72,0,360,0,480,414,0,0,936,0,744,0,0,0,0
6419,168,0,240,265.2,0,0,318,1666.82752765013,0,0,324,360,0,432,0,360,0,336,144,0,228,270,0,84,312,132,0,528,0,300,450,0,0,1728,0,1152,0,0,0,0
6419,240,0,204,142.8,0,0,216,1666.82752765013,0,0,264,264,0,588,0,276,0,612,204,0,180,216,0,240,216,132,0,372,0,396,594,0,0,1728,0,1248,0,0,0,0
6419,312,0,324,285.6,0,0,348,1729.72667963692,0,0,360,504,0,384,0,444,0,396,252,0,216,414,0,156,312,120,0,528,0,516,504,0,0,1536,0,1512,0,0,0,0
6419,252,0,300,295.8,0,0,318,1698.27710364352,0,0,288,516,0,420,0,372,0,516,300,0,168,414,0,168,300,144,0,444,0,372,720,0,0,1392,0,1944,0,0,0,0
6419,168,0,246,275.4,0,0,360,1698.27710364352,0,0,396,360,0,600,0,672,0,384,336,0,312,378,0,252,480,132,0,684,0,324,468,0,0,1128,0,1416,0,0,0,0
6419,156,0,264,316.2,0,0,348,1824.07540761711,0,0,324,504,0,552,0,396,0,444,180,0,192,360,0,252,288,96,0,408,0,396,522,0,0,1728,0,1632,0,0,0,0
6419,204,0,276,295.8,0,0,396,1291.39821422893,0,0,444,432,0,576,0,468,0,528,264,0,300,360,0,144,360,144,0,396,0,192,396,0,0,1536,0,1392,0,0,0,0
6419,192,0,258,275.4,0,0,330,1315.3129959739,0,0,336,540,0,540,0,468,0,468,228,0,120,342,0,228,312,156,0,288,0,420,450,0,0,1392,0,1584,0,0,0,0
6419,192,0,300,346.8,0,0,426,1315.3129959739,0,0,444,456,0,444,0,396,0,324,204,0,204,378,0,180,396,144,0,396,0,276,612,0,0,1752,0,1512,0,0,0,0
6419,168,0,318,397.8,0,0,474,1482.71646818877,0,0,480,396,0,444,0,540,0,516,300,0,132,522,0,156,444,168,0,576,0,192,720,0,0,1584,0,1560,0,0,0,0
6419,216,0,246,234.6,0,0,324,1315.3129959739,0,0,372,612,0,600,0,468,0,420,192,0,204,324,0,192,384,168,0,384,0,288,702,0,0,2208,0,1416,0,0,0,0
6419,144,0,252,306,0,0,408,1195.739087249,0,0,456,444,0,564,0,480,0,444,180,0,216,378,0,168,336,180,0,456,0,456,504,0,0,1032,0,1608,0,0,0,0
5998,168,0,234,255,0,0,402,1363.14255946387,0,0,504,468,0,684,0,528,0,384,144,0,312,450,0,168,456,120,0,420,0,288,684,0,0,1800,0,1272,0,0,0,0
5998,180,0,246,265.2,0,0,360,1387.05734120885,0,0,408,360,0,528,0,516,0,492,264,0,264,180,0,132,336,156,0,552,0,288,648,0,0,1920,0,1008,0,0,0,0
5998,120,0,240,306,0,0,468,1315.3129959739,0,0,576,480,0,636,0,504,0,456,132,0,204,324,0,168,396,216,0,504,0,288,666,0,0,1848,0,1200,0,0,0,0
5998,144,0,234,275.4,0,0,342,1387.05734120885,0,0,360,408,0,468,0,432,0,516,180,0,288,414,0,240,312,192,0,516,0,396,684,0,0,1920,0,1584,0,0,0,0
5998,228,0,348,397.8,0,0,438,1315.3129959739,0,0,408,336,0,444,0,504,0,456,96,0,300,306,0,216,384,192,0,480,0,552,576,0,0,1584,0,1320,0,0,0,0
5998,132,0,270,346.8,0,0,498,1387.05734120885,0,0,588,504,0,540,0,444,0,696,264,0,336,342,0,204,396,168,0,384,0,372,612,0,0,1824,0,1752,0,0,0,0
5998,216,0,240,224.4,0,0,348,1291.39821422893,0,0,432,372,0,600,0,444,0,468,180,0,384,324,0,132,432,204,0,552,0,372,360,0,0,1488,0,1176,0,0,0,0
5998,144,0,306,397.8,0,0,438,1339.22777771889,0,0,408,588,0,576,0,480,0,216,228,0,264,414,0,192,408,168,0,516,0,432,648,0,0,1920,0,2040,0,0,0,0
5998,204,0,306,346.8,0,0,480,1339.22777771889,0,0,552,516,0,528,0,540,0,408,204,0,312,216,0,192,396,180,0,504,0,360,504,0,0,1512,0,1752,0,0,0,0
5998,216,0,282,295.8,0,0,408,1339.22777771889,0,0,468,396,0,708,0,504,0,336,204,0,252,270,0,168,408,120,0,684,0,516,558,0,0,1680,0,2088,0,0,0,0
5998,168,0,306,377.4,0,0,420,1363.14255946387,0,0,396,540,0,468,0,480,0,492,312,0,384,414,0,180,540,96,0,672,0,324,630,0,0,2184,0,1752,0,0,0,0
5998,168,0,246,275.4,0,0,396,1291.39821422893,0,0,468,636,0,600,0,576,0,288,216,0,348,342,0,156,420,132,0,708,0,504,882,0,0,2088,0,1704,0,0,0,0
5876,228,0,282,285.6,0,0,330,1291.39821422893,0,0,324,468,0,456,0,420,0,360,120,0,288,378,0,180,456,204,0,480,0,468,612,0,0,1872,0,1944,0,0,0,0
5876,144,0,282,357,0,0,450,1315.3129959739,0,0,480,480,0,576,0,432,0,564,240,0,276,288,0,156,540,180,0,624,0,540,738,0,0,1704,0,1896,0,0,0,0
5876,108,0,222,285.6,0,0,342,1387.05734120885,0,0,348,528,0,600,0,612,0,552,0,0,252,288,0,168,384,84,0,468,0,336,342,0,0,1824,0,1320,0,0,0,0
5876,204,0,216,193.8,0,0,336,1482.71646818877,0,0,444,516,0,672,0,564,0,480,12,0,252,378,0,252,516,144,0,588,0,300,666,0,0,1560,0,1464,0,0,0,0
5876,228,0,228,193.8,0,0,288,1363.14255946387,0,0,348,420,0,648,0,696,0,444,396,0,360,252,0,228,420,144,0,564,0,360,774,0,0,1584,0,1416,0,0,0,0
5876,120,0,264,346.8,0,0,384,1339.22777771889,0,0,360,360,0,492,0,384,0,444,240,0,252,432,0,108,504,132,0,468,0,408,648,0,0,1608,0,1992,0,0,0,0
5876,120,0,174,193.8,0,0,360,1363.14255946387,0,0,492,600,0,756,0,444,0,552,264,0,264,360,0,288,468,240,0,600,0,396,342,0,0,1464,0,1944,0,0,0,0
5876,204,0,288,316.2,0,0,438,1291.39821422893,0,0,504,336,0,372,0,492,0,336,264,0,264,234,0,180,396,228,0,576,0,504,684,0,0,2160,0,1896,0,0,0,0
5876,156,0,264,316.2,0,0,438,1434.88690469881,0,0,504,528,0,552,0,588,0,444,192,0,228,432,0,216,540,180,0,588,0,444,594,0,0,1200,0,1824,0,0,0,0
5876,180,0,318,387.6,0,0,402,1363.14255946387,0,0,348,324,0,612,0,492,0,624,228,0,372,396,0,192,456,156,0,432,0,444,594,0,0,1440,0,1968,0,0,0,0
5876,144,0,204,224.4,0,0,390,1363.14255946387,0,0,516,288,0,600,0,576,0,480,216,0,216,288,0,180,408,144,0,684,0,360,594,0,0,2112,0,1896,0,0,0,0
5876,216,0,222,193.8,0,0,288,1291.39821422893,0,0,348,492,0,624,0,684,0,324,120,0,408,252,0,192,312,216,0,528,0,384,378,0,0,1464,0,1608,0,0,0,0
5398,120,0,216,265.2,0,0,336,1291.39821422893,0,0,360,528,0,588,0,624,0,408,144,0,312,288,0,192,408,108,0,312,0,264,594,0,0,1008,0,1464,0,0,0,0
5398,240,0,282,275.4,0,0,402,1482.71646818877,0,0,480,468,0,528,0,528,0,312,180,0,312,216,0,144,444,228,0,576,0,504,378,0,0,1488,0,1416,0,0,0,0
5398,144,0,246,295.8,0,0,438,1434.88690469881,0,0,528,504,0,612,0,576,0,408,288,0,468,414,0,120,552,252,0,468,0,456,738,0,0,1656,0,1488,0,0,0,0
5398,192,0,270,295.8,0,0,408,1363.14255946387,0,0,468,384,0,624,0,420,0,528,204,0,300,396,0,240,468,156,0,492,0,540,630,0,0,1848,0,2304,0,0,0,0
5398,192,0,270,295.8,0,0,390,1363.14255946387,0,0,432,312,0,468,0,420,0,516,240,0,312,468,0,192,504,156,0,456,0,444,378,0,0,1344,0,1440,0,0,0,0
5398,288,0,366,377.4,0,0,408,1458.80168644379,0,0,372,528,0,576,0,504,0,444,192,0,324,324,0,204,480,96,0,348,0,480,576,0,0,1776,0,1872,0,0,0,0
5398,312,0,390,397.8,0,0,474,1363.14255946387,0,0,480,444,0,660,0,600,0,420,240,0,360,360,0,120,444,108,0,480,0,468,738,0,0,2088,0,1872,0,0,0,0
5398,276,0,288,255,0,0,366,1458.80168644379,0,0,432,528,0,480,0,360,0,516,288,0,324,504,0,96,420,120,0,504,0,696,576,0,0,1872,0,2112,0,0,0,0
5398,336,0,384,367.2,0,0,486,1458.80168644379,0,0,540,432,0,576,0,492,0,636,240,0,384,612,0,156,384,180,0,516,0,624,540,0,0,1896,0,1752,0,0,0,0
5398,312,0,336,306,0,0,372,1387.05734120885,0,0,384,480,0,576,0,612,0,288,228,0,288,288,0,132,300,168,0,600,0,516,666,0,0,2424,0,1200,0,0,0,0
5398,312,0,312,265.2,0,0,306,1434.88690469881,0,0,300,456,0,552,0,468,0,444,216,0,324,360,0,120,432,168,0,492,0,552,558,0,0,912,0,1560,0,0,0,0
5398,168,0,270,316.2,0,0,384,1387.05734120885,0,0,396,408,0,468,0,708,0,480,240,0,276,486,0,144,408,192,0,432,0,408,486,0,0,1128,0,1680,0,0,0,0
5618,240,0,252,224.4,0,0,330,1410.97212295383,0,0,396,360,0,564,0,564,0,480,156,0,396,486,0,180,576,204,0,576,0,600,684,0,0,1512,0,1920,0,0,0,0
5618,264,0,306,295.8,0,0,372,1530.54603167873,0,0,396,408,0,552,0,624,0,408,180,0,408,360,0,324,612,156,0,600,0,504,468,0,0,1800,0,1704,0,0,0,0
5618,252,0,270,244.8,0,0,396,1554.46081342371,0,0,504,540,0,696,0,552,0,636,156,0,408,432,0,312,564,180,0,672,0,744,684,0,0,2400,0,1848,0,0,0,0
5618,252,0,324,336.6,0,0,444,1530.54603167873,0,0,492,396,0,744,0,396,0,588,192,0,408,486,0,192,504,168,0,672,0,624,540,0,0,2328,0,1968,0,0,0,0
5618,324,0,300,234.6,0,0,390,1434.88690469881,0,0,504,504,0,624,0,504,0,312,216,0,216,216,0,144,444,156,0,480,0,588,504,0,0,1512,0,1776,0,0,0,0
5618,276,0,330,326.4,0,0,384,1339.22777771889,0,0,384,492,0,480,0,408,0,456,288,0,372,288,0,144,384,180,0,504,0,456,882,0,0,2064,0,1320,0,0,0,0
5618,312,0,384,387.6,0,0,462,1410.97212295383,0,0,468,372,0,684,0,528,0,312,156,0,360,594,0,156,420,180,0,312,0,588,576,0,0,1608,0,1776,0,0,0,0
5618,468,0,396,275.4,0,0,414,1434.88690469881,0,0,504,348,0,960,0,588,0,492,324,0,324,252,0,300,456,120,0,600,0,480,540,0,0,2064,0,1560,0,0,0,0
5618,396,0,408,357,0,0,498,1530.54603167873,0,0,576,468,0,564,0,528,0,540,264,0,360,252,0,228,408,144,0,504,0,612,792,0,0,1776,0,1344,0,0,0,0
5618,252,0,300,295.8,0,0,390,1458.80168644379,0,0,432,372,0,492,0,456,0,444,384,0,240,252,0,120,396,84,0,624,0,552,666,0,0,1920,0,1680,0,0,0,0
5618,348,0,306,224.4,0,0,348,1530.54603167873,0,0,432,384,0,432,0,444,0,612,240,0,336,396,0,204,408,120,0,564,0,456,576,0,0,1560,0,1464,0,0,0,0
5618,276,0,324,316.2,0,0,396,1482.71646818877,0,0,420,360,0,564,0,396,0,480,168,0,384,360,0,204,420,168,0,444,0,336,378,0,0,1272,0,1632,0,0,0,0
5939,264,0,270,234.6,0,0,420,1410.97212295383,0,0,564,528,0,792,0,492,0,324,144,0,312,360,0,108,372,228,0,432,0,396,810,0,0,1896,0,2064,0,0,0,0
5939,336,0,288,204,0,0,384,1602.29037691367,0,0,528,528,0,624,0,492,0,576,204,0,240,216,0,240,480,144,0,708,0,516,630,0,0,1968,0,1968,0,0,0,0
5939,372,0,330,244.8,0,0,366,1482.71646818877,0,0,444,420,0,684,0,588,0,552,180,0,492,252,0,108,576,120,0,732,0,384,468,0,0,2304,0,1776,0,0,0,0
5939,312,0,276,204,0,0,318,1506.63124993375,0,0,396,540,0,660,0,468,0,492,180,0,276,342,0,180,324,156,0,504,0,360,756,0,0,1848,0,1656,0,0,0,0
5939,204,0,216,193.8,0,0,408,1482.71646818877,0,0,588,336,0,480,0,432,0,420,120,0,300,288,0,144,408,180,0,480,0,420,540,0,0,2160,0,1512,0,0,0,0
5939,216,0,204,163.2,0,0,282,1506.63124993375,0,0,372,432,0,324,0,384,0,576,264,0,384,288,0,240,396,180,0,528,0,540,648,0,0,1872,0,1392,0,0,0,0
5939,324,0,288,214.2,0,0,348,1482.71646818877,0,0,444,456,0,612,0,336,0,372,120,0,300,306,0,216,348,132,0,624,0,348,612,0,0,2016,0,1776,0,0,0,0
5939,312,0,276,204,0,0,342,1769.69384912853,0,0,444,468,0,996,0,588,0,444,192,0,384,414,0,168,516,180,0,600,0,468,774,0,0,1464,0,1824,0,0,0,0
5939,300,0,252,173.4,0,0,408,1769.69384912853,0,0,612,516,0,528,0,660,0,420,36,0,264,216,0,168,396,192,0,456,0,564,756,0,0,1944,0,1896,0,0,0,0
5939,336,0,336,285.6,0,0,492,1650.11994040363,0,0,648,396,0,852,0,600,0,636,84,0,396,270,0,240,444,156,0,672,0,564,702,0,0,1896,0,1824,0,0,0,0
5939,372,0,384,336.6,0,0,360,1697.94950389359,0,0,324,456,0,600,0,600,0,492,252,0,372,288,0,300,588,120,0,708,0,480,432,0,0,1656,0,1944,0,0,0,0
5939,240,0,318,336.6,0,0,438,1626.20515865865,0,0,480,492,0,840,0,648,0,300,348,0,336,306,0,228,420,120,0,624,0,552,648,0,0,1872,0,1896,0,0,0,0
6309,336,0,312,244.8,0,0,414,1506.63124993375,0,0,540,444,0,888,0,720,0,540,144,0,252,162,0,204,564,156,0,648,0,636,468,0,0,1896,0,1872,0,0,0,0
6309,216,0,252,244.8,0,0,426,1506.63124993375,0,0,564,420,0,924,0,648,0,576,252,0,192,288,0,264,432,228,0,720,0,672,954,0,0,1872,0,2112,0,0,0,0
6309,396,0,396,336.6,0,0,516,1578.37559516869,0,0,636,300,0,900,0,888,0,708,216,0,384,360,0,300,636,180,0,780,0,636,648,0,0,2208,0,2064,0,0,0,0
6309,264,0,318,316.2,0,0,450,1458.80168644379,0,0,528,264,0,756,0,564,0,540,240,0,372,594,0,300,504,156,0,708,0,540,720,0,0,2136,0,1752,0,0,0,0
6309,348,0,300,214.2,0,0,372,1410.97212295383,0,0,492,516,0,648,0,624,0,564,180,0,372,360,0,216,456,168,0,600,0,552,594,0,0,2088,0,1896,0,0,0,0
6309,288,0,246,173.4,0,0,462,1387.05734120885,0,0,720,348,0,684,0,444,0,360,204,0,288,270,0,264,564,168,0,720,0,300,576,0,0,1608,0,1416,0,0,0,0
6309,408,0,366,275.4,0,0,360,1434.88690469881,0,0,396,444,0,732,0,672,0,648,276,0,324,522,0,408,372,204,0,840,0,612,900,0,0,1704,0,1896,0,0,0,0
6309,312,0,252,163.2,0,0,360,1434.88690469881,0,0,528,324,0,672,0,408,0,504,204,0,216,414,0,228,384,228,0,864,0,576,504,0,0,2160,0,1704,0,0,0,0
6309,300,0,336,316.2,0,0,414,1387.05734120885,0,0,456,372,0,744,0,528,0,384,180,0,336,324,0,252,468,132,0,756,0,672,630,0,0,1752,0,2280,0,0,0,0
6309,264,0,264,224.4,0,0,390,1387.05734120885,0,0,516,396,0,744,0,636,0,444,252,0,180,288,0,240,552,156,0,624,0,612,702,0,0,2112,0,1824,0,0,0,0
6309,252,0,294,285.6,0,0,360,1387.05734120885,0,0,384,312,0,684,0,504,0,516,216,0,240,396,0,216,420,132,0,624,0,552,720,0,0,1536,0,2136,0,0,0,0
6309,300,0,252,173.4,0,0,276,1291.39821422893,0,0,348,420,0,600,0,492,0,444,288,0,276,198,0,144,528,108,0,540,0,384,450,0,0,1536,0,1896,0,0,0,0
6368,240,0,210,153,0,0,348,1243.56865073897,0,0,516,408,0,564,0,276,0,552,132,0,156,432,0,84,288,60,0,600,0,612,666,0,0,1632,0,2568,0,0,0,0
6368,312,0,246,153,0,0,366,1219.65386899399,0,0,552,432,0,528,0,576,0,660,264,0,300,288,0,180,288,84,0,516,0,468,684,0,0,2208,0,1992,0,0,0,0
6368,228,0,174,102,0,0,264,1267.48343248395,0,0,408,396,0,564,0,480,0,468,156,0,336,360,0,156,384,132,0,408,0,588,648,0,0,1824,0,1608,0,0,0,0
6368,264,0,228,163.2,0,0,270,1291.39821422893,0,0,348,324,0,588,0,564,0,444,324,0,360,396,0,156,252,228,0,432,0,480,432,0,0,2184,0,1584,0,0,0,0
6368,132,0,150,142.8,0,0,294,1267.48343248395,0,0,420,516,0,780,0,552,0,456,312,0,324,324,0,240,456,108,0,468,0,396,720,0,0,1392,0,1776,0,0,0,0
6368,276,0,306,285.6,0,0,330,1267.48343248395,0,0,324,384,0,576,0,432,0,432,156,0,312,288,0,168,396,144,0,612,0,384,720,0,0,1200,0,2400,0,0,0,0
6368,276,0,282,244.8,0,0,336,1028.33561503415,0,0,384,336,0,768,0,456,0,420,156,0,180,216,0,168,240,156,0,468,0,492,684,0,0,1728,0,1512,0,0,0,0
6368,264,0,258,214.2,0,0,354,1123.99474201406,0,0,456,432,0,1008,0,492,0,456,144,0,228,216,0,276,288,276,0,456,0,444,720,0,0,1416,0,1920,0,0,0,0
6368,228,0,246,224.4,0,0,300,1123.99474201406,0,0,336,408,0,744,0,588,0,492,228,0,144,504,0,192,468,168,0,468,0,504,306,0,0,1704,0,2160,0,0,0,0
6368,252,0,264,234.6,0,0,330,1100.07996026909,0,0,384,420,0,876,0,456,0,444,144,0,288,324,0,96,264,168,0,528,0,432,594,0,0,1296,0,1536,0,0,0,0
6368,240,0,234,193.8,0,0,336,1123.99474201406,0,0,444,432,0,744,0,384,0,396,264,0,252,270,0,216,492,156,0,408,0,204,684,0,0,2160,0,1728,0,0,0,0
6368,108,0,180,214.2,0,0,288,1052.25039677912,0,0,324,360,0,540,0,516,0,360,120,0,300,324,0,180,372,180,0,516,0,456,576,0,0,2016,0,1872,0,0,0,0
5864,216,0,186,132.6,0,0,240,956.591269799206,0,0,324,360,0,672,0,468,0,348,156,0,312,360,0,180,372,120,0,492,0,396,612,0,0,1680,0,1416,0,0,0,0
5864,264,0,258,214.2,0,0,234,956.591269799206,0,0,216,432,0,504,0,324,0,324,204,0,228,342,0,120,360,144,0,420,0,492,684,0,0,2088,0,1608,0,0,0,0
5864,216,0,270,275.4,0,0,360,1004.42083328917,0,0,396,324,0,420,0,408,0,552,180,0,408,342,0,156,276,168,0,384,0,204,612,0,0,1584,0,1512,0,0,0,0
5864,228,0,216,173.4,0,0,216,956.591269799206,0,0,228,264,0,348,0,492,0,324,168,0,264,252,0,144,300,192,0,444,0,528,756,0,0,1344,0,1728,0,0,0,0
5864,144,0,192,204,0,0,306,908.761706309243,0,0,372,288,0,564,0,384,0,264,204,0,240,234,0,192,324,72,0,480,0,228,414,0,0,1680,0,1512,0,0,0,0
5864,204,0,252,255,0,0,336,908.761706309243,0,0,372,348,0,444,0,324,0,240,84,0,264,288,0,108,288,168,0,420,0,384,630,0,0,1344,0,1320,0,0,0,0
5864,192,0,168,122.4,0,0,234,908.761706309243,0,0,324,372,0,192,0,336,0,228,96,0,228,288,0,48,276,72,0,348,0,360,486,0,0,1608,0,1152,0,0,0,0
5864,132,0,168,173.4,0,0,276,908.761706309243,0,0,348,408,0,396,0,396,0,348,180,0,324,144,0,72,348,132,0,456,0,276,342,0,0,1200,0,1440,0,0,0,0
5864,144,0,210,234.6,0,0,360,932.676488054227,0,0,444,372,0,420,0,312,0,312,96,0,276,234,0,96,312,96,0,396,0,324,504,0,0,1296,0,1392,0,0,0,0
5864,72,0,150,193.8,0,0,246,837.017361074303,0,0,264,312,0,408,0,468,0,300,120,0,240,306,0,168,324,120,0,324,0,300,432,0,0,1248,0,1080,0,0,0,0
5864,180,0,222,224.4,0,0,246,765.273015839363,0,0,228,216,0,468,0,396,0,360,156,0,312,180,0,204,252,84,0,408,0,504,306,0,0,1080,0,1344,0,0,0,0
5864,96,0,156,183.6,0,0,294,813.102579329325,0,0,372,456,0,336,0,336,0,480,120,0,192,162,0,144,288,108,0,276,0,312,252,0,0,1272,0,1056,0,0,0,0
4552,156,0,228,255,0,0,252,837.017361074303,0,0,204,204,0,312,0,312,0,348,168,0,240,180,0,96,192,120,0,324,0,336,270,0,0,1344,0,816,0,0,0,0
4552,192,0,234,234.6,0,0,288,860.932142819287,0,0,300,228,0,312,0,432,0,180,72,0,324,216,0,204,264,156,0,468,0,204,450,0,0,1584,0,1416,0,0,0,0
4552,60,0,126,163.2,0,0,372,789.187797584347,0,0,552,468,0,372,0,288,0,216,96,0,324,90,0,144,252,168,0,300,0,372,270,0,0,1368,0,1896,0,0,0,0
4552,132,0,204,234.6,0,0,264,765.273015839363,0,0,252,180,0,336,0,360,0,132,144,0,288,126,0,120,372,144,0,372,0,216,450,0,0,936,0,1344,0,0,0,0
4552,84,0,156,193.8,0,0,186,717.443452349407,0,0,144,276,0,360,0,384,0,312,156,0,252,198,0,108,324,72,0,300,0,216,288,0,0,864,0,1128,0,0,0,0
4552,168,0,156,122.4,0,0,210,813.102579329325,0,0,276,264,0,336,0,240,0,168,60,0,204,144,0,60,228,120,0,324,0,132,198,0,0,648,0,1104,0,0,0,0
4552,180,0,186,163.2,0,0,246,717.443452349407,0,0,300,216,0,348,0,312,0,300,60,0,348,198,0,72,204,108,0,240,0,228,252,0,0,624,0,1416,0,0,0,0
4552,132,0,210,244.8,0,0,258,765.273015839363,0,0,228,252,0,180,0,264,0,204,72,0,228,180,0,36,252,60,0,360,0,216,288,0,0,1224,0,1320,0,0,0,0
4552,60,0,90,102,0,0,150,765.273015839363,0,0,180,324,0,216,0,228,0,276,72,0,276,216,0,108,120,180,0,336,0,192,360,0,0,1560,0,1008,0,0,0,0
4552,120,0,150,153,0,0,192,741.358234094385,0,0,204,288,0,228,0,264,0,180,168,0,252,180,0,72,264,132,0,168,0,204,252,0,0,1320,0,1056,0,0,0,0
4552,108,0,132,132.6,0,0,180,717.443452349407,0,0,204,372,0,156,0,444,0,264,108,0,288,72,0,48,228,108,0,408,0,192,432,0,0,1128,0,1176,0,0,0,0
4552,48,0,144,204,0,0,234,645.699107114461,0,0,228,240,0,252,0,264,0,360,180,0,288,108,0,84,336,84,0,384,0,240,324,0,0,1008,0,1056,0,0,0,0
3624,132,0,132,112.2,0,0,162,645.699107114461,0,0,192,300,0,216,0,252,0,228,96,0,336,144,0,108,216,108,0,324,0,240,360,0,0,1464,0,1200,0,0,0,0
3624,120,0,168,183.6,0,0,282,669.613888859445,0,0,348,312,0,396,0,372,0,264,48,0,252,90,0,144,228,72,0,300,0,216,576,0,0,1680,0,1320,0,0,0,0
3624,108,0,126,122.4,0,0,276,621.784325369483,0,0,408,396,0,396,0,348,0,216,72,0,360,324,0,36,204,156,0,468,0,372,540,0,0,1632,0,1608,0,0,0,0
3624,84,0,102,102,0,0,222,645.699107114461,0,0,324,264,0,324,0,288,0,144,108,0,312,126,0,108,384,72,0,312,0,216,324,0,0,1464,0,1224,0,0,0,0
3624,192,0,102,10.2,0,0,132,550.039980134543,0,0,252,348,0,408,0,252,0,228,84,0,264,108,0,24,288,144,0,336,0,300,324,0,0,1680,0,1056,0,0,0,0
3624,168,0,90,10.2,0,0,120,597.869543624503,0,0,228,336,0,324,0,264,0,288,120,0,204,54,0,84,264,36,0,288,0,168,342,0,0,1200,0,1416,0,0,0,0
3624,60,0,84,91.8,0,0,126,597.869543624503,0,0,144,180,0,300,0,264,0,192,108,0,408,72,0,36,252,96,0,216,0,276,414,0,0,1872,0,984,0,0,0,0
3624,84,0,120,132.6,0,0,264,645.699107114461,0,0,372,324,0,276,0,276,0,192,96,0,240,54,0,36,180,96,0,264,0,288,216,0,0,1248,0,864,0,0,0,0
3624,84,0,126,142.8,0,0,162,573.954761879523,0,0,156,156,0,216,0,252,0,360,120,0,324,72,0,156,168,108,0,192,0,348,252,0,0,1632,0,1056,0,0,0,0
3624,84,0,78,61.2,0,0,132,597.869543624503,0,0,192,324,0,228,0,240,0,216,108,0,312,90,0,120,252,24,0,348,0,324,432,0,0,1656,0,912,0,0,0,0
3624,84,0,114,122.4,0,0,138,526.125198389563,0,0,132,216,0,228,0,132,0,204,72,0,144,144,0,96,132,84,0,216,0,432,360,0,0,1728,0,1080,0,0,0,0
3624,48,0,72,81.6,0,0,138,478.295634899603,0,0,180,264,0,312,0,192,0,204,132,0,240,144,0,36,192,60,0,252,0,492,198,0,0,1008,0,696,0,0,0,0
3238,144,0,150,132.6,0,0,126,430.466071409642,0,0,96,300,0,216,0,168,0,264,144,0,252,180,0,36,288,120,0,324,0,348,306,0,0,1320,0,936,0,0,0,0
3238,72,0,126,153,0,0,234,406.551289664663,0,0,288,228,0,336,0,168,0,288,84,0,180,162,0,48,216,48,0,252,0,420,216,0,0,1176,0,1128,0,0,0,0
3238,108,0,108,91.8,0,0,168,406.551289664663,0,0,228,276,0,132,0,192,0,288,84,0,204,90,0,48,252,144,0,168,0,324,270,0,0,984,0,1176,0,0,0,0
3238,48,0,78,91.8,0,0,138,382.636507919682,0,0,168,204,0,252,0,84,0,192,72,0,204,126,0,48,216,96,0,252,0,276,288,0,0,984,0,912,0,0,0,0
3238,60,0,84,91.8,0,0,120,358.721726174702,0,0,132,168,0,84,0,108,0,108,72,0,120,144,0,60,108,96,0,168,0,264,108,0,0,936,0,792,0,0,0,0
3238,48,0,66,71.4,0,0,120,334.806944429722,0,0,156,108,0,168,0,96,0,120,24,0,132,72,0,36,156,84,0,144,0,168,252,0,0,600,0,792,0,0,0,0
3238,72,0,102,112.2,0,0,108,334.806944429722,0,0,84,84,0,108,0,216,0,120,60,0,132,54,0,60,108,72,0,168,0,108,216,0,0,528,0,744,0,0,0,0
3238,96,0,84,61.2,0,0,90,334.806944429722,0,0,108,144,0,228,0,204,0,108,60,0,144,54,0,96,108,36,0,144,0,204,126,0,0,504,0,720,0,0,0,0
3238,60,0,60,51,0,0,72,310.892162684741,0,0,84,72,0,228,0,168,0,240,36,0,96,72,0,48,168,60,0,108,0,96,216,0,0,408,0,888,0,0,0,0
3238,60,0,66,61.2,0,0,60,286.977380939761,0,0,48,60,0,156,0,72,0,120,60,0,108,90,0,84,120,12,0,156,0,168,234,0,0,624,0,576,0,0,0,0
3238,84,0,72,51,0,0,90,286.977380939761,0,0,120,60,0,108,0,120,0,120,84,0,84,144,0,60,84,24,0,84,0,144,108,0,0,408,0,768,0,0,0,0
3238,72,0,54,30.6,0,0,66,286.977380939761,0,0,96,84,0,72,0,120,0,84,48,0,96,54,0,72,60,60,0,120,0,144,198,0,0,600,0,648,0,0,0,0
2636,60,0,108,132.6,0,0,114,263.062599194782,0,0,72,72,0,132,0,132,0,96,12,0,84,36,0,48,108,48,0,144,0,48,216,0,0,264,0,552,0,0,0,0
2636,36,0,36,30.6,0,0,72,263.062599194782,0,0,108,48,0,120,0,144,0,144,12,0,60,108,0,84,156,12,0,96,0,156,54,0,0,504,0,816,0,0,0,0
2636,24,0,30,30.6,0,0,66,239.147817449801,0,0,96,72,0,180,0,120,0,156,36,0,156,36,0,24,132,36,0,84,0,192,180,0,0,432,0,456,0,0,0,0
2636,48,0,66,71.4,0,0,60,215.233035704822,0,0,36,48,0,144,0,96,0,84,36,0,36,72,0,48,108,48,0,96,0,180,90,0,0,192,0,528,0,0,0,0
2636,84,0,60,30.6,0,0,36,191.318253959841,0,0,36,36,0,96,0,72,0,144,60,0,72,36,0,36,72,12,0,72,0,108,198,0,0,600,0,456,0,0,0,0
2636,36,0,24,10.2,0,0,36,191.318253959841,0,0,60,72,0,60,0,36,0,48,60,0,72,54,0,36,60,12,0,60,0,84,126,0,0,240,0,648,0,0,0,0
2636,48,0,84,102,0,0,120,267.321395943887,0,0,120,48,0,96,0,36,0,108,48,0,36,36,0,48,60,24,0,60,0,144,126,0,0,336,0,552,0,0,0,0
2636,36,0,48,51,0,0,84,267.321395943887,0,0,108,60,0,108,0,60,0,108,0,0,96,36,0,24,60,24,0,96,0,48,90,0,0,384,0,384,0,0,0,0
2636,36,0,24,10.2,0,0,42,267.321395943887,0,0,72,60,0,48,0,84,0,48,60,0,120,54,0,24,72,24,0,108,0,48,162,0,0,408,0,504,0,0,0,0
2636,60,0,48,30.6,0,0,24,267.321395943887,0,0,12,48,0,60,0,24,0,60,12,0,96,36,0,36,96,12,0,60,0,108,90,0,0,432,0,384,0,0,0,0
2636,36,0,42,40.8,0,0,42,233.906221450901,0,0,36,24,0,168,0,96,0,60,96,0,108,36,0,36,132,24,0,72,0,96,90,0,0,432,0,456,0,0,0,0
2636,36,0,48,51,0,0,42,200.491046957916,0,0,24,12,0,84,0,72,0,60,36,0,36,36,0,24,72,48,0,72,0,24,144,0,0,264,0,264,0,0,0,0
100,48,0,36,20.4,0,0,36,200.491046957916,0,0,48,60,0,96,0,36,0,108,12,0,84,18,0,12,48,0,0,12,0,12,54,0,0,192,0,120,0,0,0,0
100,60,0,54,40.8,0,0,42,200.491046957916,0,0,36,48,0,144,0,60,0,24,36,0,60,54,0,12,48,12,0,36,0,12,18,0,0,312,0,96,0,0,0,0
